{"processes":"General","nodes":[{"wires":[["4f26e79a.52fe58"]],"name":"BugzillaConnector-profileconfig","x":170,"y":80,"z":"b90eaa34.e3f848","id":"ff890791.974b98","type":"Profileconfig","properties":[{"p":"Url","pt":"flow","isEditable":"true","displayname":"Url","tot":"str","description":"","ptype":"string","to":"http:\/\/10.98.100.119\/app_test_factory\/bugzilla\/","category":"settingstype","rcdoptions":""},{"p":"Product","pt":"flow","isEditable":"true","displayname":"Product","tot":"str","description":"","ptype":"string","to":"OPTIMUS","category":"settingstype","rcdoptions":""},{"p":"buglistApi","pt":"flow","isEditable":"true","displayname":"buglistApi","tot":"str","description":"","ptype":"string","to":"buglist.cgi?f1=cf_target_version&list_id=33988&bug_severity=blocker&bug_severity=critical&bug_severity=major&bug_severity=minor&bug_severity=enhancement&o1=anywords&resolution=---&resolution=-&resolution=FIXED&resolution=INVALID&resolution=WONTFIX&resolution=DUPLICATE&resolution=LIMITATION&resolution=DEFERRED&resolution=NOT%20A%20BUG&resolution=NOT%20REPRODUCIBLE&query_format=advanced&bug_status=NEW&bug_status=UNCONFIRMED&bug_status=CONFIRMED&bug_status=IN_PROGRESS&bug_status=RE_OPENED&version=Alpha-1&version=Beta-1&version=Beta-2&version=OND&version=JAS&version=ATLAS%200.5.0&version=ATLAS%200.6.0&version=ATLAS%200.7.0-Jan&version=ATLAS-0.7.0&version=ATLAS%200.8.0&v1=0.8&component=BOT&component=Framework&component=Non%20Functional%20Area&component=OPTIMUS%20Analytics%20Usecases&component=Optimus%20Central&component=OPTIMUS%20Documentation&component=OPTIMUS%20Framework&component=OPTIMUS%20General%20Usecase&component=OPTIMUS%20Install%26Config&component=OPTIMUS%20ISE&component=OPTIMUS%20Node&component=OPTIMUS%20PRD&component=OPTIMUS%20Studio&component=OPTIMUS%20TAF&component=OPTIMUS%20Test%20Case&component=OPTIMUS%20Test%20Usecase&component=OPTIMUS%20UI&product=ATLAS&ctype=rss","category":"settingstype","rcdoptions":""},{"p":"transformJSON","pt":"flow","isEditable":"true","displayname":"transformJSON","tot":"str","description":"","ptype":"string","to":"{\"transformations\":[{\"type\":\"renameFields\",\"fields\":{\"bug_id\":\"_id\",\"short_desc\":\"name\",\"fulldesc\":\"Description\",\"creation_ts\":\"Created Date\",\"delta_ts\":\"Updated Date\",\"product\":\"Product\",\"component\":\"Component\",\"release\":\"Release\",\"bug_status\":\"Status\",\"priority\":\"Priority\",\"bug_severity\":\"Severity\",\"assigned_to\":\"assignedto\",\"cf_deployment\":\"Deployment type\",\"cf_usecase\":\"req_type\",\"defecttype\":\"Defect type\"}},{\"type\":\"extractContentToNewField\",\"regularExpressions\":[\"[a-z.]+\/[a-z.]+\"],\"targetField\":[\"defectfiles\"],\"sourceField\":[\"Description\"]},{\"type\":\"copyField\",\"sourceField\":[\"defectfiles\"],\"targetField\":[\"files\"]},{\"type\":\"mergeFields\",\"fields\":[\"_id\",\"name\"],\"targetField\":\"mergetest\"},{\"type\":\"removeFields\",\"fields\":[\"long_desc\",\"bug_file_loc\",\"keywords\",\"status_whiteboard\"]}]}","category":"settingstype","rcdoptions":""},{"p":"FileLocation","pt":"flow","isEditable":"true","displayname":"File Location","tot":"str","description":"Template file location","ptype":"string","to":"C:\\\\Jagadeesh\\\\Test\\\\Optimus_Open_bugs.xlsx","category":"settingstype","rcdoptions":""},{"p":"SheetName","pt":"flow","isEditable":"true","displayname":"Sheet Name","tot":"str","description":"Sheet name in template","ptype":"string","to":"BugList","category":"settingstype","rcdoptions":""},{"p":"Reportlocation","pt":"flow","isEditable":"true","displayname":"Reportlocation","tot":"str","description":"Repor generating location","ptype":"string","to":"C:\\\\Jagadeesh\\\\Test\\\\AtlasBugReport\\\\","category":"settingstype","rcdoptions":""},{"p":"Tomaillist","pt":"flow","isEditable":"true","displayname":"Tomaillist","tot":"str","description":"Tomaillist","ptype":"string","to":"jagadeesh.b@hcl.com","category":"settingstype","rcdoptions":""},{"p":"CCmaillist","pt":"flow","isEditable":"true","displayname":"CCmaillist","tot":"str","description":"CCmaillist","ptype":"string","to":"jagadeesh.b@hcl.com","category":"settingstype","rcdoptions":""},{"p":"month","pt":"flow","isEditable":"true","displayname":"Month","tot":"str","description":"Month","ptype":"dropdown","to":"Jun-19","category":"settingstype","rcdoptions":"Jan-19,Feb-19,Mar-19,Apr-19,May-19,Jun-19,Jul-19,Aug-19,Sep-19,Oct-19,Nov-19,Dec-19"},{"p":"start","pt":"flow","tot":"bool","to":"false","category":"systemtype"},{"p":"complete","pt":"flow","tot":"bool","to":"false","category":"systemtype"},{"p":"fail","pt":"flow","tot":"bool","to":"false","category":"systemtype"},{"p":"costPerTransaction","pt":"flow","isEditable":"true","displayname":"costPerTransaction","tot":"str","description":"","ptype":"string","to":"1","category":"systemtype","rcdoptions":""},{"p":"effortPerTransaction","pt":"flow","isEditable":"true","displayname":"effortPerTransaction","tot":"str","description":"","ptype":"string","to":"1","category":"systemtype","rcdoptions":""},{"p":"Stakeholders","pt":"flow","isEditable":"true","displayname":"Stakeholders","tot":"str","description":"","ptype":"string","to":"user@hcl.com","category":"systemtype","rcdoptions":""}]},{"wires":[["8ce60f26.f4061"]],"subflow":"6b87a110.cf2c1","name":"Bugzilla GetBugsList","x":480,"y":280,"z":"b90eaa34.e3f848","id":"e02f714d.71cfb","type":"subflow:6b87a110.cf2c1"},{"wires":[["c3900b5e.eef6d8"]],"subflow":"7994f221.743e4c","name":"Bugzilla GetBugDetails","x":180,"y":360,"z":"b90eaa34.e3f848","id":"8ce60f26.f4061","type":"subflow:7994f221.743e4c"},{"outputs":1,"wires":[["483ef884.827918"]],"func":"var closedbuglist = msg[\"payload\"];\n\nvar activities = [];\nvar months = [\"\", \"Jan\", \"Feb\", \"Mar\", \"Apr\", \"May\", \"Jun\", \"Jul\", \"Aug\", \"Sep\", \"Oct\", \"Nov\", \"Dec\"];\nfor(var index in closedbuglist){\n    var activitySource = closedbuglist[index];\n    \/\/var bugClosedMonthAndYear = \"\";\n        var outputobj = {};\n        var product1 = msg[\"Product\"];\n        if(activitySource[\"bug_status\"]==\"NEW\"||activitySource[\"bug_status\"]==\"CONFIRMED\"||activitySource[\"bug_status\"]==\"IN_PROGRESS\"||activitySource[\"bug_status\"]==\"RE_OPENED\"){\n            outputobj[\"Component\"] = activitySource[\"component\"];\n            outputobj[\"Bug ID\"] = activitySource[\"bug_id\"];\n            outputobj[\"Product\"] = product1;\/\/msg[\"product1\"] ;\n            outputobj[\"Version\"] = activitySource[\"version\"];\n            outputobj[\"Summary\"] = activitySource[\"short_desc\"];\n            outputobj[\"Assignee\"] = activitySource[\"assigned_to\"][\"name\"];\n            outputobj[\"Reporter\"] = activitySource[\"reporter\"][\"name\"];\n            outputobj[\"Status\"] = activitySource[\"bug_status\"]; \n            outputobj[\"Severity\"] = activitySource[\"bug_severity\"]; \n            outputobj[\"Planned effort\"] = parseInt(activitySource[\"estimated_time\"]);\n            outputobj[\"Actual effort\"] = parseInt(activitySource[\"actual_time\"]);\n            activities.push(outputobj);  \n         \n        }\n       \n    }\n\nmsg[\"activities\"] = activities;\nvar columnAndDatatype = {\n    \"Planned effort\" : \"Numeric\",\n    \"Actual effort\" : \"Numeric\"\n};\nmsg[\"columnAndDatatype\"] = columnAndDatatype;\n\/\/msg[\"FileLocation\"] = msg.result.data;\nreturn msg;","noerr":0,"name":"","x":410,"y":360,"z":"b90eaa34.e3f848","id":"c3900b5e.eef6d8","type":"function"},{"wires":[],"console":false,"tostatus":false,"name":"","x":550,"active":true,"y":440,"z":"b90eaa34.e3f848","id":"ca4bab0a.b0c648","type":"debug","complete":"true","tosidebar":true},{"columnDataTypes":"columnAndDatatype","dataForTemplate":"activities","reportExcelLocation":"Reportlocation","sheetName":"SheetName","type":"excel-template-filling","wires":[["13edc254.506b6e"]],"writeType":"overwrite","name":"Excel template filling","headerRowNumber":"1","x":640,"y":360,"z":"b90eaa34.e3f848","id":"483ef884.827918","templateExcelLocation":"FileLocation"},{"outputs":1,"wires":[["2f9e8670.404b1a"]],"func":"var product = msg[\"Product\"];\nvar monthAndYear = msg[\"month\"];\nvar monthOnly = monthAndYear.split(\"-\")[0];\nvar yearOnly = monthAndYear.split(\"-\")[1];\n\n\/\/JFM19_Feb_Sprint\nvar currentDate = new Date();\nvar months = [\"\", \"Jan\", \"Feb\", \"Mar\", \"Apr\", \"May\", \"Jun\", \"Jul\", \"Aug\", \"Sep\", \"Oct\", \"Nov\", \"Dec\"];\nvar monthNumber = (months.indexOf(monthOnly) < 10 ? \"0\"+months.indexOf(monthOnly) : months.indexOf(monthOnly));\n\nvar startDateOfMonth = new Date(parseInt(\"20\"+yearOnly), monthNumber, 1);\nvar endDateOfMonth = new Date(parseInt(\"20\"+yearOnly), monthNumber, 0);\n\nmsg[\"sprint-start\"] = startDateOfMonth.getFullYear()+\"-\"+monthNumber+\"-\"+startDateOfMonth.getDate()+\" 00:00:00\";\nmsg[\"sprint-end\"] = endDateOfMonth.getFullYear()+\"-\"+monthNumber+\"-\"+endDateOfMonth.getDate()+\" 23:59:59\";\n\nif(typeof msg.mailbody != 'undefined'){\n    if(typeof msg[\"CCmaillist\"] == 'undefined' || msg[\"CCmaillist\"] == ''){\n        msg[\"CCmaillist\"] = msg[\"Tomaillist\"];\n    }else{\n        msg[\"CCmaillist\"] = msg[\"CCmaillist\"] + \";\" + msg[\"Tomaillist\"];   \n    }\n    msg[\"Tomaillist\"] = msg.mailbody.senderEmailAddress;   \n} \n\n\nreturn msg;","noerr":0,"name":"","x":350,"y":180,"z":"b90eaa34.e3f848","id":"4c5710e.5c01df","type":"function"},{"bccaddr":"","ccaddr":"CCmaillist","attachments":"attach","bodycon":"messageBody","type":"SendEmail","wires":[["ca4bab0a.b0c648"]],"toaddr":"Tomaillist","name":"","x":350,"y":440,"z":"b90eaa34.e3f848","id":"3e9a82e5.83bf9e","mailsubject":"mailsubject"},{"outputs":1,"wires":[["3e9a82e5.83bf9e"]],"func":"msg[\"attach\"]= msg[\"result\"][\"data\"];\nvar mailStr =\n\"<html>\"+\n\"<head><\/head>\"+\n\"<body style='font-family: arial;font-size: 14px;line-height: normal;width:100%;'>\"+\n\"<p>Hi All,<\/p>\"+\n\"<p>The daily bug status report for ATLAS is given below.<p>\"+\n\"<p>1.Open Bugs : Component wise distribution<\/p>\";\n\nvar bugDetails = msg.payload;\nvar componentwiseCounts = {};\nvar componentSeverityTotalCounts = {};\nvar assigneewiseCounts = {};\nvar assigneeSeverityTotalCounts = {};\nfor(var bugIndex in bugDetails){\n    var bugDetail = bugDetails[bugIndex];\n    var bugComponent = bugDetail[\"component\"];\n    var bugSeverity = bugDetail[\"bug_severity\"];\n\tvar bugStatus =  bugDetail[\"bug_status\"];\n\tvar Engineer = bugDetail[\"assigned_to\"][\"name\"];\n\tif(bugStatus==\"NEW\"||bugStatus==\"CONFIRMED\"||bugStatus==\"IN_PROGRESS\"||bugStatus==\"RE_OPENED\"){\n    if(!componentwiseCounts.hasOwnProperty(bugComponent)){\n        componentwiseCounts[bugComponent] = {};\n    }\n    if(!componentwiseCounts[bugComponent].hasOwnProperty(bugSeverity)){\n        componentwiseCounts[bugComponent][bugSeverity] = 0;\n    }\n\t\n\tif(!assigneewiseCounts.hasOwnProperty(Engineer)){\n        assigneewiseCounts[Engineer] = {};\n    }\n    if(!assigneewiseCounts[Engineer].hasOwnProperty(bugSeverity)){\n        assigneewiseCounts[Engineer][bugSeverity] = 0;\n    }\n\t\n    if(!componentSeverityTotalCounts.hasOwnProperty(bugSeverity)){\n        componentSeverityTotalCounts[bugSeverity] = 0;\n    }\n\t\n\tif(!assigneeSeverityTotalCounts.hasOwnProperty(bugSeverity)){\n        assigneeSeverityTotalCounts[bugSeverity] = 0;\n    }\n    \n    componentSeverityTotalCounts[bugSeverity] = (componentSeverityTotalCounts[bugSeverity] + 1);\n\tassigneeSeverityTotalCounts[bugSeverity] = (assigneeSeverityTotalCounts[bugSeverity] + 1);\n\t\n    componentwiseCounts[bugComponent][bugSeverity] = (componentwiseCounts[bugComponent][bugSeverity] + 1);\n\tassigneewiseCounts[Engineer][bugSeverity] = (assigneewiseCounts[Engineer][bugSeverity] + 1);\n\t}\n}\ncomponentwiseCounts[\"Total\"] = componentSeverityTotalCounts;\nassigneewiseCounts[\"Total\"] = assigneeSeverityTotalCounts;\n\nvar tableStyle = 'font-family:&quot;Calibri&quot;,sans-serif;border:0px solid #ccc;width:75%';\nvar headStyle = 'font-family:&quot;Calibri&quot;,sans-serif;color:white;background:#4DB3A2;padding:.75pt .75pt .75pt .75pt;text-align:center;';\nvar dataStyle = 'font-family:&quot;Calibri&quot;,sans-serif;background:#E5E4E2;padding:.75pt .75pt .75pt .75pt;text-align:center;';\nvar bugReoprtBody = \"<br><table style='\"+tableStyle+\"'><tr><th style='\"+headStyle+\"'>Components<\/th><th style='\"+headStyle+\"'>Blocker<\/th><th style='\"+headStyle+\"'>Critical<\/th><th style='\"+headStyle+\"'>Major<\/th><th style='\"+headStyle+\"'>Minor<\/th><th style='\"+headStyle+\"'>Enhancement<\/th><th style='\"+headStyle+\"'>Total<\/th><\/tr>\";\nfor(var component in componentwiseCounts){\n\tvar cellType = \"td\";\t\n\tif(component == \"Total\"){\n\t\tcellType = \"th\";\n\t}\n\tbugReoprtBody += \"<tr><th style='\"+dataStyle+\"'>\"+component+\"<\/th>\";\n\tvar severitiesCount = componentwiseCounts[component];\n\tvar total = 0;\n\tif(severitiesCount.hasOwnProperty(\"blocker\")){\n\t\tbugReoprtBody += \"<\"+cellType+\" style='\"+dataStyle+\"'>\"+severitiesCount[\"blocker\"]+\"<\/\"+cellType+\">\";    \n\t\ttotal = total + severitiesCount[\"blocker\"];\n\t}else{\n\t\tbugReoprtBody += \"<\"+cellType+\" style='\"+dataStyle+\"'>0<\/\"+cellType+\">\";    \n\t}\n\t\n\tif(severitiesCount.hasOwnProperty(\"critical\")){\n\t\tbugReoprtBody += \"<\"+cellType+\" style='\"+dataStyle+\"'>\"+severitiesCount[\"critical\"]+\"<\/\"+cellType+\">\";    \n\t\ttotal = total + severitiesCount[\"critical\"];\n\t}else{\n\t\tbugReoprtBody += \"<\"+cellType+\" style='\"+dataStyle+\"'>0<\/\"+cellType+\">\";    \n\t}\n\t\n\tif(severitiesCount.hasOwnProperty(\"major\")){\n\t\tbugReoprtBody += \"<\"+cellType+\" style='\"+dataStyle+\"'>\"+severitiesCount[\"major\"]+\"<\/\"+cellType+\">\"; \n\t\ttotal = total + severitiesCount[\"major\"];\n\t}else{\n\t\tbugReoprtBody += \"<\"+cellType+\" style='\"+dataStyle+\"'>0<\/\"+cellType+\">\";    \n\t}\n\t\n\tif(severitiesCount.hasOwnProperty(\"minor\")){\n\t\tbugReoprtBody += \"<\"+cellType+\" style='\"+dataStyle+\"'>\"+severitiesCount[\"minor\"]+\"<\/\"+cellType+\">\"; \n\t\ttotal = total + severitiesCount[\"minor\"];\n\t}else{\n\t\tbugReoprtBody += \"<\"+cellType+\" style='\"+dataStyle+\"'>0<\/\"+cellType+\">\";    \n\t}\n\tif(severitiesCount.hasOwnProperty(\"enhancement\")){\n\t\tbugReoprtBody += \"<\"+cellType+\" style='\"+dataStyle+\"'>\"+severitiesCount[\"enhancement\"]+\"<\/\"+cellType+\">\"; \n\t\ttotal = total + severitiesCount[\"enhancement\"];\n\t}else{\n\t\tbugReoprtBody += \"<\"+cellType+\" style='\"+dataStyle+\"'>0<\/\"+cellType+\">\";    \n\t}\n\tbugReoprtBody += \"<th style='\"+dataStyle+\"'>\"+total+\"<\/th><\/tr>\";\n\t\n}\n\/\/bugReoprtBody+= \"<tr><th style='\"+dataStyle+\"'>Total<th>\";\nbugReoprtBody+= \"<\/table>\";\n\n\nbugReoprtBody += \"<br\/><br\/><p>2.Open Bugs : Engineer Wise Distribution<\/p><br\/><table style='\"+tableStyle+\"'><tr><th style='\"+headStyle+\"'>Engineer Name<\/th><th style='\"+headStyle+\"'>Blocker<\/th><th style='\"+headStyle+\"'>Critical<\/th><th style='\"+headStyle+\"'>Major<\/th><th style='\"+headStyle+\"'>Minor<\/th><th style='\"+headStyle+\"'>Enhancement<\/th><th style='\"+headStyle+\"'>Total<\/th><\/tr>\";\nfor(var engname in assigneewiseCounts){\n    var cellType = \"td\";\n    if(engname == \"Total\"){\n        cellType = \"th\";\n    }\n    bugReoprtBody += \"<tr><th style='\"+dataStyle+\"'>\"+engname+\"<\/th>\";\n    var severitiesCount = assigneewiseCounts[engname];\n    var total = 0;\n    if(severitiesCount.hasOwnProperty(\"blocker\")){\n        bugReoprtBody += \"<\"+cellType+\" style='\"+dataStyle+\"'>\"+severitiesCount[\"blocker\"]+\"<\/\"+cellType+\">\";    \n        total = total + severitiesCount[\"blocker\"];\n    }else{\n        bugReoprtBody += \"<\"+cellType+\" style='\"+dataStyle+\"'>0<\/\"+cellType+\">\";    \n    }\n    \n    if(severitiesCount.hasOwnProperty(\"critical\")){\n        bugReoprtBody += \"<\"+cellType+\" style='\"+dataStyle+\"'>\"+severitiesCount[\"critical\"]+\"<\/\"+cellType+\">\";    \n        total = total + severitiesCount[\"critical\"];\n    }else{\n        bugReoprtBody += \"<\"+cellType+\" style='\"+dataStyle+\"'>0<\/\"+cellType+\">\";    \n    }\n    \n    if(severitiesCount.hasOwnProperty(\"major\")){\n        bugReoprtBody += \"<\"+cellType+\" style='\"+dataStyle+\"'>\"+severitiesCount[\"major\"]+\"<\/\"+cellType+\">\"; \n        total = total + severitiesCount[\"major\"];\n    }else{\n        bugReoprtBody += \"<\"+cellType+\" style='\"+dataStyle+\"'>0<\/\"+cellType+\">\";    \n    }\n\tif(severitiesCount.hasOwnProperty(\"minor\")){\n\t\tbugReoprtBody += \"<\"+cellType+\" style='\"+dataStyle+\"'>\"+severitiesCount[\"minor\"]+\"<\/\"+cellType+\">\"; \n\t\ttotal = total + severitiesCount[\"minor\"];\n\t}else{\n\t\tbugReoprtBody += \"<\"+cellType+\" style='\"+dataStyle+\"'>0<\/\"+cellType+\">\";    \n\t}\n\tif(severitiesCount.hasOwnProperty(\"enhancement\")){\n\t\tbugReoprtBody += \"<\"+cellType+\" style='\"+dataStyle+\"'>\"+severitiesCount[\"enhancement\"]+\"<\/\"+cellType+\">\"; \n\t\ttotal = total + severitiesCount[\"enhancement\"];\n\t}else{\n\t\tbugReoprtBody += \"<\"+cellType+\" style='\"+dataStyle+\"'>0<\/\"+cellType+\">\";    \n\t}\n    bugReoprtBody += \"<th style='\"+dataStyle+\"'>\"+total+\"<\/th><\/tr>\";\n}\nbugReoprtBody += \"<\/table>\";\n\nmsg.messageBody = mailStr + bugReoprtBody + \"<p>Regards,<br\/>ATLAS Bug Report Usecase<br\/><i>This is an ATLAS BOT Generated Report<\/i><\/p><\/body><\/html>\";\n\nvar date = new Date();\nvar year = date.getFullYear();\nvar month = (\"0\"+(date.getMonth()+1)).substr(-2);\nvar day = (\"0\"+date.getDate()).substr(-2);\nvar hour = (\"0\"+date.getHours()).substr(-2);\nvar minutes = (\"0\"+date.getMinutes()).substr(-2);\nvar seconds = (\"0\"+date.getSeconds()).substr(-2);\nvar timestamp= year+\"-\"+month+\"-\"+day+\" \"+hour+\":\"+minutes+\":\"+seconds;\nvar mailsub= msg[\"Product\"]+\" : Open Defects Status Report\"+\"-\"+timestamp;\nmsg.mailsubject = mailsub;\nreturn msg;\n","noerr":0,"name":"","x":150,"y":440,"z":"b90eaa34.e3f848","id":"13edc254.506b6e","type":"function"},{"wires":[["570f9920.dd1ad8"]],"scope":null,"name":"","x":320,"y":40,"z":"b90eaa34.e3f848","id":"d4f82df3.49ffc","type":"catch"},{"wires":[],"console":false,"tostatus":false,"name":"","x":510,"active":true,"y":40,"z":"b90eaa34.e3f848","id":"570f9920.dd1ad8","type":"debug","complete":"true","tosidebar":true},{"wires":[],"name":"end","x":460,"y":100,"z":"b90eaa34.e3f848","id":"4f26e79a.52fe58","type":"End"},{"rules":[{"p":"Url","t":"set","pt":"msg","tot":"flow","to":"Url"},{"p":"buglistApi","t":"set","pt":"msg","tot":"flow","to":"buglistApi"},{"p":"Product","t":"set","pt":"msg","tot":"flow","to":"Product"},{"p":"FieldNameChange","t":"set","pt":"msg","tot":"flow","to":"FieldNameChange"},{"p":"FiledsFilter","t":"set","pt":"msg","tot":"flow","to":"FiledsFilter"},{"p":"ExcelPath","t":"set","pt":"msg","tot":"flow","to":"ExcelPath"},{"p":"collection","t":"set","pt":"msg","tot":"flow","to":"Mongo_Collection_Name"},{"p":"ExtractedFieldName","t":"set","pt":"msg","tot":"flow","to":"ExtractedFieldName"},{"p":"ExtractSourceField","t":"set","pt":"msg","tot":"flow","to":"ExtractSourceField"},{"p":"expression","t":"set","pt":"msg","tot":"flow","to":"expression"}],"type":"change","wires":[["e02f714d.71cfb"]],"reg":false,"name":"set conig properties to msg","property":"","x":180,"action":"","y":280,"z":"b90eaa34.e3f848","from":"","id":"2f9e8670.404b1a","to":""},{"crontab":"00 09 * * *","type":"inject","wires":[["4c5710e.5c01df"]],"payloadType":"date","payload":"","repeat":"","name":"Defect Report","x":130,"topic":"","y":180,"z":"b90eaa34.e3f848","id":"cc040f59.acb9e","currentLoggedInUser":"admin"}],"keywords":"Bugzilla, Connector","createdBy":"admin","project":"DemoProject","id":"b90eaa34.e3f848","label":"ATLAS Defect Report","processGroup":"General","assignedTo":["admin","admin","admin","admin","admin","admin","admin","admin","admin","admin","admin","admin"],"subflows":[{"configs":[],"nodes":[{"wires":[["6a16934b.b468dc"]],"name":"Form request URL for Bugzilla","x":310,"y":60,"z":"6b87a110.cf2c1","id":"a41e6a07.9710b8","type":"Concat","properties":[{"p":"Url","pt":"msg"},{"p":"buglistApi","pt":"msg"},{"p":"&chfieldto=","pt":"str"},{"p":"sprint-end","pt":"msg"},{"p":"&chfieldfrom=","pt":"str"},{"p":"sprint-start","pt":"msg"},{"p":"&product=","pt":"str"},{"p":"Product","pt":"msg"},{"p":"&bug_status=","pt":"str"},{"p":"CLOSED","pt":"str"}]},{"rules":[{"p":"url","t":"set","pt":"msg","tot":"msg","to":"payload"}],"type":"change","wires":[["4fc9c16e.9af3"]],"reg":false,"name":"Set URL Property to context","property":"","x":620,"action":"","y":60,"z":"6b87a110.cf2c1","from":"","id":"6a16934b.b468dc","to":""},{"ret":"txt","wires":[["615dd326.f2b5dc"]],"method":"GET","name":"Get Bug List","x":510,"y":160,"z":"6b87a110.cf2c1","tls":"","id":"986130ad.3afcc","type":"http request","url":""},{"wires":[[]],"xmlString":"payload","name":"xmlStringtoJson","x":280,"y":260,"z":"6b87a110.cf2c1","id":"615dd326.f2b5dc","type":"xmlStringtoJson"},{"wires":[["986130ad.3afcc"]],"method":"POST COOKIE","httpurl":"http:\/\/10.98.100.119\/app_test_factory\/bugzilla\/","postinput":"{\"Bugzilla_login\": \"jagadeesh.b\", \"Bugzilla_password\": \"Amma@501\",\"GoAheadAndLogIn\": \"Log+in\" }","name":"","x":250,"y":160,"z":"6b87a110.cf2c1","id":"4fc9c16e.9af3","type":"httpcookierequest"},{"wires":[[]],"method":"GET","httpurl":"","postinput":"{}","name":"","x":730,"y":200,"z":"6b87a110.cf2c1","id":"262bee12.59aa12","type":"httpcookierequest"}],"in":[{"wires":[{"id":"a41e6a07.9710b8"}],"x":100,"y":40}],"name":"Bugzilla-GetBugsList(3)(1)(1)(2)(1)(2)(1)(2)","id":"6b87a110.cf2c1","type":"subflow","info":"","out":[{"wires":[{"port":0,"id":"615dd326.f2b5dc"}],"x":460,"y":260}]},{"configs":[],"nodes":[{"outputs":1,"wires":[["2a76c911.8d7b66"]],"func":"msg.lastbug = msg.payload.feed.entry.length\nvar arr =[]\nflow.set(\"arr\",arr)\nreturn msg;","noerr":0,"name":"Get Bug Count","x":260,"y":80,"z":"7994f221.743e4c","id":"dbb99308.31886","type":"function"},{"wires":[["994495a5.da7d18"]],"name":"Loop over Bug list","property":"payload.feed.entry","x":490,"y":80,"z":"7994f221.743e4c","id":"2a76c911.8d7b66","type":"splitter"},{"wires":[["93ff45cb.5dd258"]],"name":"Form request URL for Bug","x":360,"y":140,"z":"7994f221.743e4c","id":"5cf15f5b.2009f","type":"Concat","properties":[{"p":"Url","pt":"msg"},{"p":"concat_id","pt":"msg"},{"p":"&ctype=xml","pt":"str"}]},{"rules":[{"p":"url","t":"set","pt":"msg","tot":"msg","to":"payload"}],"type":"change","wires":[["ffd8655e.e526d8"]],"reg":false,"name":"Set Bug URL Property to context","property":"","x":350,"action":"","y":200,"z":"7994f221.743e4c","from":"","id":"93ff45cb.5dd258","to":""},{"outputs":1,"wires":[["8213f7a0.539d78"]],"func":"if(msg.payload.hasOwnProperty(\"long_desc\"))\n{\n    var text=\"\";\n    var data = msg.payload[\"long_desc\"];\n    if(data != null && data != undefined && data != \"\" )\n    {\n        if(Array.isArray(data)){\n            for(var i=0; i<data.length; i++)\n            {\n                text = text + data[i].thetext;\n                \n            }\n        }else if(data.hasOwnProperty(\"thetext\")){\n            text = text + data[\"thetext\"];\n        }\n        \n        \/\/text = text+\" \\n Modified Files:defectsearch.java\"\n        msg.payload[\"fulldesc\"] =text;\n    }\n}\n\nreturn msg;","noerr":0,"name":"combine comments","x":450,"y":320,"z":"7994f221.743e4c","id":"de064c22.325bd","type":"function"},{"outputs":1,"wires":[[]],"func":"if(flow.get(\"arr\") != null && flow.get(\"arr\") !=undefined && msg.lastbug == flow.get(\"arr\").length+1)\n{   \/\/console.log(\"in if\")\nvar arr = flow.get(\"arr\");\n   \n    arr.push(msg.payload);\n     flow.set(\"arr\",arr);\n    msg.payload = flow.get(\"arr\");\n return msg;\n}\nelse\n{\n \n    var arr = flow.get(\"arr\");\n   if(arr === undefined || arr === null || arr.length == 0 )\n   {\n       \/\/console.log(\"=================\"+arr);     \n       arr = [];\n       arr.push(msg.payload);\n     flow.set(\"arr\",arr);\n     \/\/console.log(\"================ifff=\"+flow.get(\"arr\").length);     \n   }\n   else\n   {\n              \/\/console.log(\"================else=\"+arr);     \n    arr.push(msg.payload);\n     flow.set(\"arr\",arr);\n       \/\/console.log(\"================else=\"+flow.get(\"arr\").length);     \n   }\n}\n   ","noerr":0,"name":"Prepare Bug batch","x":310,"y":380,"z":"7994f221.743e4c","id":"8213f7a0.539d78","type":"function"},{"rules":[{"p":"payload","t":"set","pt":"msg","tot":"msg","to":"payload.bugzilla.bug"}],"type":"change","wires":[["de064c22.325bd"]],"reg":false,"name":"Get Bug","property":"","x":240,"action":"","y":320,"z":"7994f221.743e4c","from":"","id":"c9eea72c.2c76c8","to":""},{"outputs":1,"wires":[["5cf15f5b.2009f"]],"func":"msg[\"concat_id\"] = \"show_bug.cgi?\"+msg[\"payload\"][\"id\"].split(\"show_bug.cgi?\")[1];\nreturn msg;","noerr":0,"name":"Get Bug Count","x":720,"y":80,"z":"7994f221.743e4c","id":"994495a5.da7d18","type":"function"},{"wires":[["af7d88b3.8acaf8"]],"method":"GET","httpurl":"url","postinput":"{}","name":"","x":610,"y":200,"z":"7994f221.743e4c","id":"ffd8655e.e526d8","type":"httpcookierequest"},{"wires":[],"console":false,"tostatus":false,"name":"","x":670,"active":true,"y":300,"z":"7994f221.743e4c","id":"938b2e0.3fa9ed","type":"debug","complete":"true","tosidebar":true},{"wires":[["c9eea72c.2c76c8"]],"xmlString":"payload","name":"xmlStringtoJson","x":500,"y":260,"z":"7994f221.743e4c","id":"af7d88b3.8acaf8","type":"xmlStringtoJson"}],"in":[{"wires":[{"id":"dbb99308.31886"}],"x":100,"y":80}],"name":"Bugzilla GetBugDetails(2)(1)(2)(1)(2)(1)(2)","id":"7994f221.743e4c","type":"subflow","info":"","out":[{"wires":[{"port":0,"id":"8213f7a0.539d78"}],"x":520,"y":380}]}]}