{"processes":"Defect Analysis","nodes":[{"wires":[["db56bdf3.82df8"]],"name":"BugzillaConnector-profileconfig","x":170,"y":80,"z":"aa256ea.aed589","id":"a854969b.705ab8","type":"Profileconfig","properties":[{"p":"Url","pt":"flow","isEditable":"true","displayname":"Url","tot":"str","description":"","ptype":"string","to":"http:\/\/10.98.100.119\/app_test_factory\/bugzilla\/","category":"settingstype","rcdoptions":""},{"p":"Product","pt":"flow","isEditable":"true","displayname":"Product","tot":"str","description":"","ptype":"string","to":"ATLAS","category":"settingstype","rcdoptions":""},{"p":"buglistApi","pt":"flow","isEditable":"true","displayname":"buglistApi","tot":"str","description":"","ptype":"string","to":"buglist.cgi?&bug_status=CLOSED&product=ATLAS&ctype=rss","category":"settingstype","rcdoptions":""},{"p":"transformJSON","pt":"flow","isEditable":"true","displayname":"transformJSON","tot":"str","description":"","ptype":"string","to":"{\"transformations\":[{\"type\":\"renameFields\",\"fields\":{\"bug_id\":\"_id\",\"short_desc\":\"name\",\"fulldesc\":\"Description\",\"creation_ts\":\"Created Date\",\"delta_ts\":\"Updated Date\",\"product\":\"Product\",\"component\":\"Component\",\"release\":\"Release\",\"bug_status\":\"Status\",\"priority\":\"Priority\",\"bug_severity\":\"Severity\",\"assigned_to\":\"assignedto\",\"cf_deployment\":\"Deployment type\",\"cf_usecase\":\"req_type\",\"defecttype\":\"Defect type\"}},{\"type\":\"extractContentToNewField\",\"regularExpressions\":[\"[a-z.]+\/[a-z.]+\"],\"targetField\":[\"defectfiles\"],\"sourceField\":[\"Description\"]},{\"type\":\"copyField\",\"sourceField\":[\"defectfiles\"],\"targetField\":[\"files\"]},{\"type\":\"mergeFields\",\"fields\":[\"_id\",\"name\"],\"targetField\":\"mergetest\"},{\"type\":\"removeFields\",\"fields\":[\"long_desc\",\"bug_file_loc\",\"keywords\",\"status_whiteboard\"]}]}","category":"settingstype","rcdoptions":""},{"p":"FileLocation","pt":"flow","isEditable":"true","displayname":"File Location","tot":"str","description":"Template file location","ptype":"string","to":"D:\\\\Test\\\\ATLAS-FY19-Nippon.xlsm","category":"settingstype","rcdoptions":""},{"p":"SheetName","pt":"flow","isEditable":"true","displayname":"Sheet Name","tot":"str","description":"Sheet name in template","ptype":"string","to":"Data Collection","category":"settingstype","rcdoptions":""},{"p":"Reportlocation","pt":"flow","isEditable":"true","displayname":"Reportlocation","tot":"str","description":"Repor generating location","ptype":"string","to":"D:\\\\Test\\\\NipponReport\\\\","category":"settingstype","rcdoptions":""},{"p":"Tomaillist","pt":"flow","isEditable":"true","displayname":"Tomaillist","tot":"str","description":"Tomaillist","ptype":"string","to":"hareem@hcl.com","category":"settingstype","rcdoptions":""},{"p":"CCmaillist","pt":"flow","isEditable":"true","displayname":"CCmaillist","tot":"str","description":"CCmaillist","ptype":"string","to":"tapashikalita.l@hcl.com;shanmugapriya.k@hcl.com;jagadeesh.b@hcl.com","category":"settingstype","rcdoptions":""},{"p":"month","pt":"flow","isEditable":"true","displayname":"Month","tot":"str","description":"Month","ptype":"dropdown","to":"May-19","category":"settingstype","rcdoptions":"Jan-19,Feb-19,Mar-19,Apr-19,May-19,Jun-19,Jul-19,Aug-19,Sep-19,Oct-19,Nov-19,Dec-19"},{"p":"start","pt":"flow","tot":"bool","to":"false","category":"systemtype"},{"p":"complete","pt":"flow","tot":"bool","to":"false","category":"systemtype"},{"p":"fail","pt":"flow","tot":"bool","to":"false","category":"systemtype"},{"p":"costPerTransaction","pt":"flow","isEditable":"true","displayname":"costPerTransaction","tot":"str","description":"","ptype":"string","to":"1","category":"systemtype","rcdoptions":""},{"p":"effortPerTransaction","pt":"flow","isEditable":"true","displayname":"effortPerTransaction","tot":"str","description":"","ptype":"string","to":"1","category":"systemtype","rcdoptions":""},{"p":"Stakeholders","pt":"flow","isEditable":"true","displayname":"Stakeholders","tot":"str","description":"","ptype":"string","to":"user@hcl.com","category":"systemtype","rcdoptions":""}]},{"crontab":"00 10 * * 3,5","type":"inject","wires":[["99bb48bd.a58488"]],"payloadType":"date","payload":"","repeat":"","name":"BugzillaConnector-inject","x":170,"topic":"","y":160,"z":"aa256ea.aed589","id":"9e32757.2189b88","currentLoggedInUser":"admin"},{"wires":[["3bc945b.3c4deba"]],"scope":null,"name":"","x":320,"y":40,"z":"aa256ea.aed589","id":"277fa10e.69008e","type":"catch"},{"wires":[],"console":false,"tostatus":false,"name":"","x":510,"active":true,"y":40,"z":"aa256ea.aed589","id":"3bc945b.3c4deba","type":"debug","complete":"true","tosidebar":true},{"rules":[{"p":"Url","t":"set","pt":"msg","tot":"flow","to":"Url"},{"p":"buglistApi","t":"set","pt":"msg","tot":"flow","to":"buglistApi"},{"p":"Product","t":"set","pt":"msg","tot":"flow","to":"Product"},{"p":"FieldNameChange","t":"set","pt":"msg","tot":"flow","to":"FieldNameChange"},{"p":"FiledsFilter","t":"set","pt":"msg","tot":"flow","to":"FiledsFilter"},{"p":"ExcelPath","t":"set","pt":"msg","tot":"flow","to":"ExcelPath"},{"p":"collection","t":"set","pt":"msg","tot":"flow","to":"Mongo_Collection_Name"},{"p":"ExtractedFieldName","t":"set","pt":"msg","tot":"flow","to":"ExtractedFieldName"},{"p":"ExtractSourceField","t":"set","pt":"msg","tot":"flow","to":"ExtractSourceField"},{"p":"expression","t":"set","pt":"msg","tot":"flow","to":"expression"}],"type":"change","wires":[["4fa0c198.c1323"]],"reg":false,"name":"set conig properties to msg","property":"","x":180,"action":"","y":320,"z":"aa256ea.aed589","from":"","id":"80147d4a.2ea07","to":""},{"wires":[["dd05b625.85d4b8"]],"subflow":"ea7b7c6b.da551","name":"Bugzilla GetBugsList","x":480,"y":320,"z":"aa256ea.aed589","id":"4fa0c198.c1323","type":"subflow:ea7b7c6b.da551"},{"wires":[["a85f3a76.4baa18"]],"subflow":"1908302a.d100a","name":"Bugzilla GetBugDetails","x":180,"y":400,"z":"aa256ea.aed589","id":"dd05b625.85d4b8","type":"subflow:1908302a.d100a"},{"outputs":1,"wires":[["6332b6ad.782408"]],"func":"var closedbuglist = msg[\"payload\"];\nvar activities = [];\nvar months = [\"\", \"Jan\", \"Feb\", \"Mar\", \"Apr\", \"May\", \"Jun\", \"Jul\", \"Aug\", \"Sep\", \"Oct\", \"Nov\", \"Dec\"];\nfor(var index in closedbuglist){\n    var activitySource = closedbuglist[index];\n    var bugClosedMonthAndYear = \"\";\n    if(typeof activitySource[\"cf_closed_date\"] != 'undefined'){\n        bugClosedMonthAndYear = months[parseInt(activitySource[\"cf_closed_date\"].split(\"-\")[1])] + \"-\" + activitySource[\"cf_closed_date\"].split(\"-\")[0].toString().substring(2);\n        \n    }\n    \n    if(bugClosedMonthAndYear == msg[\"month\"]){\n        var outputobj = {};\n        var statusclose = \"Completed\";\n        var sprintre = \"Sprint rework\";\n        outputobj[\"S.No\"] = activitySource[\"bug_id\"];\n        outputobj[\"Release \/ CR Name\"] = msg[\"sprint\"] ;\n        outputobj[\"Month\"] = bugClosedMonthAndYear;\n        outputobj[\"Task description\"] = \"Bug-\"+activitySource[\"bug_id\"]+\"-\"+activitySource[\"short_desc\"];\n        outputobj[\"Phase\"] = sprintre;\n        var examp = {};\n        examp = activitySource[\"assigned_to\"];\n        if(typeof examp != 'undefined'){\n            outputobj[\"Resource Name\"] = examp[\"$t\"].split(\"@\")[0];\n        }else{\n            outputobj[\"Resource Name\"] = \"\";   \n            }\n        \n        outputobj[\"Planned effort\"] = parseInt(activitySource[\"estimated_time\"]);\n        outputobj[\"Actual effort\"] = parseInt(activitySource[\"actual_time\"]);\n        if(activitySource[\"bug_status\"] == \"CLOSED\"){\n           outputobj[\"Status\"] = statusclose; \n        }\n        activities.push(outputobj);\n    }\n}\n\nmsg[\"activities\"] = activities;\n\nvar columnAndDatatype = {\n    \"S.No\" : \"Numeric\",\n    \"Planned effort\" : \"Numeric\",\n    \"Actual effort\" : \"Numeric\"\n};\nmsg[\"columnAndDatatype\"] = columnAndDatatype;\nmsg[\"FileLocation\"] = msg.result.data;\nreturn msg;","noerr":0,"name":"","x":410,"y":400,"z":"aa256ea.aed589","id":"a85f3a76.4baa18","type":"function"},{"wires":[],"console":false,"tostatus":false,"name":"","x":670,"active":true,"y":520,"z":"aa256ea.aed589","id":"8aa68e00.6dcfc","type":"debug","complete":"true","tosidebar":true},{"wires":[],"name":"end","x":460,"y":100,"z":"aa256ea.aed589","id":"db56bdf3.82df8","type":"End"},{"ret":"txt","wires":[["91490539.7e9508"]],"method":"POST","name":"","x":550,"y":160,"z":"aa256ea.aed589","tls":"","id":"a78e9fed.557fb","type":"http request","url":""},{"outputs":1,"wires":[["a4160273.d9d83"]],"func":"msg[\"payload\"] = JSON.parse(msg[\"payload\"]);\nvar activityList = msg[\"payload\"][\"data\"];\nvar activities = [];\n\nfor(var index in activityList){\n    var activitySource = activityList[index];\n    var activity = {};\n    \/\/Push data to excel only if te status is completed\n   if(activitySource[\"statusName\"] == \"Completed\"){\n        activity[\"S.No\"] = activitySource[\"activityId\"];\n        activity[\"Release \/ CR Name\"] = activitySource[\"activityWorkPackageName\"];\n        activity[\"Month\"]= msg[\"month\"];\n        \n        activity[\"Task description\"] = activitySource[\"activityName\"];\n    \tactivity[\"Phase\"] = activitySource[\"activityTypeName\"];\n        activity[\"Resource Name\"] = activitySource[\"assigneeName\"];\n        \/\/activity[\"Available Effort\"] = \"\";\n        activity[\"Planned effort\"] = activitySource[\"plannedEffort\"];\n        activity[\"Actual effort\"] = activitySource[\"totalEffort\"];\n    \n        activity[\"Status\"] = activitySource[\"statusName\"];\n        activities.push(activity);\n       \n   }\n    \n  \n}\n\nmsg[\"activities\"] = activities;\n\nvar columnAndDatatype = {\n    \"S.No\" : \"Numeric\",\n    \"Planned effort\" : \"Numeric\",\n    \"Actual effort\" : \"Numeric\"\n};\nmsg[\"columnAndDatatype\"] = columnAndDatatype;\n\nreturn msg;","noerr":0,"name":"","x":150,"y":240,"z":"aa256ea.aed589","id":"91490539.7e9508","type":"function"},{"columnDataTypes":"columnAndDatatype","dataForTemplate":"activities","reportExcelLocation":"Reportlocation","sheetName":"SheetName","type":"excel-template-filling","wires":[["6359c274.add0cc","80147d4a.2ea07"]],"writeType":"overwrite","name":"Excel template filling","headerRowNumber":"1","x":360,"y":240,"z":"aa256ea.aed589","id":"a4160273.d9d83","templateExcelLocation":"FileLocation"},{"columnDataTypes":"columnAndDatatype","dataForTemplate":"activities","reportExcelLocation":"","sheetName":"SheetName","type":"excel-template-filling","wires":[["bcc0b982.175998"]],"writeType":"append","name":"Excel template filling","headerRowNumber":"1","x":640,"y":400,"z":"aa256ea.aed589","id":"6332b6ad.782408","templateExcelLocation":"FileLocation"},{"outputs":1,"wires":[["a78e9fed.557fb"]],"func":"var product = msg[\"Product\"];\nvar monthAndYear = msg[\"month\"];\nvar monthOnly = monthAndYear.split(\"-\")[0];\nvar yearOnly = monthAndYear.split(\"-\")[1];\n\n\/\/JFM19_Feb_Sprint\nvar currentDate = new Date();\nvar sprint = \"JFM\"+yearOnly+\"_\"+monthOnly+\"_Sprint\";\nmsg[\"sprint\"] = sprint;\n\nvar months = [\"\", \"Jan\", \"Feb\", \"Mar\", \"Apr\", \"May\", \"Jun\", \"Jul\", \"Aug\", \"Sep\", \"Oct\", \"Nov\", \"Dec\"];\nvar monthNumber = (months.indexOf(monthOnly) < 10 ? \"0\"+months.indexOf(monthOnly) : months.indexOf(monthOnly));\n\nvar startDateOfMonth = new Date(parseInt(\"20\"+yearOnly), monthNumber, 1);\nvar endDateOfMonth = new Date(parseInt(\"20\"+yearOnly), monthNumber, 0);\n\nmsg[\"sprint-start\"] = startDateOfMonth.getFullYear()+\"-\"+monthNumber+\"-\"+startDateOfMonth.getDate()+\" 00:00:00\";\nmsg[\"sprint-end\"] = endDateOfMonth.getFullYear()+\"-\"+monthNumber+\"-\"+endDateOfMonth.getDate()+\" 23:59:59\";\n\nvar activityRequest = {\n    \"productName\":product,\n    \"user\":\"silambarasur\",\n    \"productVersionName\":\"VERSION1\",\n    \"productBuildName\":\"Build1\",\n    \"plannedEndDate\":\"between \"+monthNumber +\"\/\"+startDateOfMonth.getDate()+\"\/\"+startDateOfMonth.getFullYear()+\" \"\n + monthNumber +\"\/\"+endDateOfMonth.getDate()+\"\/\"+endDateOfMonth.getFullYear()\n}\nmsg[\"payload\"] = activityRequest;\n\nif(typeof msg[\"iLCM_URL\"] == 'undefined' || msg[\"iLCM_URL\"].trim() == ''){\n    \/\/msg[\"url\"] = \"http:\/\/10.99.25.228:8080\/ILCM\/rest\/atlas\/ilcm\/activityManagement\/query\/getActivitiesWithWorkflowEventDetail\";    \n    msg[\"url\"] = \"http:\/\/10.99.25.228:8080\/ILCM\/rest\/atlas\/ilcm\/activityManagement\/query\/getActivites\";\n}else{\n    msg[\"url\"] = msg[\"iLCM_URL\"];\n}\n\nreturn msg;","noerr":0,"name":"","x":370,"y":160,"z":"aa256ea.aed589","id":"99bb48bd.a58488","type":"function"},{"bccaddr":"","ccaddr":"CCmaillist","attachments":"attach","bodycon":"messageBody","type":"SendEmail","wires":[["8aa68e00.6dcfc"]],"toaddr":"Tomaillist","name":"","x":450,"y":520,"z":"aa256ea.aed589","id":"e591c23e.4af0d","mailsubject":"mailsubject"},{"outputs":1,"wires":[["e591c23e.4af0d"]],"func":"msg[\"attach\"]= msg[\"result\"][\"data\"];\nvar mailStr =\n\"<html>\"+\n\"<head><\/head>\"+\n\"<body style='font-family: arial;font-size: 14px;line-height: normal'>\"+\n\"<p>Hi All,<\/p>\"+\n\"<p>Please view the Nippon Atlas Report<p>\"+\n\"<p>Regards,<br\/>ATLAS Team<\/p><\/body><\/html>\";\n\nmsg.messageBody = mailStr;\n\nvar mailsub= \"Nippon Report for Project \"+msg[\"Product\"]+\" \"+msg[\"month\"];\nmsg.mailsubject = mailsub;\nreturn msg;\n","noerr":0,"name":"","x":250,"y":520,"z":"aa256ea.aed589","id":"bcc0b982.175998","type":"function"},{"wires":[],"console":false,"tostatus":false,"name":"","x":630,"active":true,"y":220,"z":"aa256ea.aed589","id":"6359c274.add0cc","type":"debug","complete":"true","tosidebar":true}],"keywords":"Bugzilla, Connector","createdBy":"admin","project":"DemoProject","id":"aa256ea.aed589","label":"Proj Nippon CTEO Report","processGroup":"Product Sustenance","assignedTo":["admin","admin","admin","admin"],"subflows":[{"configs":[],"nodes":[{"wires":[["45e73180.59833"]],"name":"Form request URL for Bugzilla","x":310,"y":60,"z":"ea7b7c6b.da551","id":"10538533.d2ab7b","type":"Concat","properties":[{"p":"Url","pt":"msg"},{"p":"buglistApi","pt":"msg"},{"p":"&chfieldto=","pt":"str"},{"p":"sprint-end","pt":"msg"},{"p":"&chfieldfrom=","pt":"str"},{"p":"sprint-start","pt":"msg"},{"p":"&product=","pt":"str"},{"p":"Product","pt":"msg"},{"p":"&bug_status=","pt":"str"},{"p":"CLOSED","pt":"str"}]},{"rules":[{"p":"url","t":"set","pt":"msg","tot":"msg","to":"payload"}],"type":"change","wires":[["d9fca344.636e5"]],"reg":false,"name":"Set URL Property to context","property":"","x":620,"action":"","y":60,"z":"ea7b7c6b.da551","from":"","id":"45e73180.59833","to":""},{"ret":"txt","wires":[["ebf4387c.1eec68"]],"method":"GET","name":"Get Bug List","x":510,"y":160,"z":"ea7b7c6b.da551","tls":"","id":"9016138b.b504","type":"http request","url":""},{"wires":[[]],"xmlString":"payload","name":"xmlStringtoJson","x":280,"y":260,"z":"ea7b7c6b.da551","id":"ebf4387c.1eec68","type":"xmlStringtoJson"},{"wires":[["9016138b.b504"]],"method":"POST COOKIE","httpurl":"http:\/\/10.98.100.119\/app_test_factory\/bugzilla\/","postinput":"{\"Bugzilla_login\": \"jagadeesh.b\", \"Bugzilla_password\": \"Amma@501\",\"GoAheadAndLogIn\": \"Log+in\" }","name":"","x":250,"y":160,"z":"ea7b7c6b.da551","id":"d9fca344.636e5","type":"httpcookierequest"},{"wires":[[]],"method":"GET","httpurl":"","postinput":"{}","name":"","x":730,"y":200,"z":"ea7b7c6b.da551","id":"d40191cc.3e25f","type":"httpcookierequest"}],"in":[{"wires":[{"id":"10538533.d2ab7b"}],"x":100,"y":40}],"name":"Bugzilla-GetBugsList(3)(1)(1)(3)","id":"ea7b7c6b.da551","type":"subflow","info":"","out":[{"wires":[{"port":0,"id":"ebf4387c.1eec68"}],"x":460,"y":260}]},{"configs":[],"nodes":[{"outputs":1,"wires":[["3aae2ac5.e145b6"]],"func":"msg.lastbug = msg.payload.feed.entry.length\nvar arr =[]\nflow.set(\"arr\",arr)\nreturn msg;","noerr":0,"name":"Get Bug Count","x":260,"y":80,"z":"1908302a.d100a","id":"412bcf19.02e52","type":"function"},{"wires":[["c389afa5.39a1e"]],"name":"Loop over Bug list","property":"payload.feed.entry","x":490,"y":80,"z":"1908302a.d100a","id":"3aae2ac5.e145b6","type":"splitter"},{"wires":[["c3331b81.d67d48"]],"name":"Form request URL for Bug","x":360,"y":140,"z":"1908302a.d100a","id":"3951e886.6f0f38","type":"Concat","properties":[{"p":"Url","pt":"msg"},{"p":"concat_id","pt":"msg"},{"p":"&ctype=xml","pt":"str"}]},{"rules":[{"p":"url","t":"set","pt":"msg","tot":"msg","to":"payload"}],"type":"change","wires":[["51b51ec1.e58c5"]],"reg":false,"name":"Set Bug URL Property to context","property":"","x":350,"action":"","y":200,"z":"1908302a.d100a","from":"","id":"c3331b81.d67d48","to":""},{"outputs":1,"wires":[["add0cb96.737ef8"]],"func":"if(msg.payload.hasOwnProperty(\"long_desc\"))\n{\n    var text=\"\";\n    var data = msg.payload[\"long_desc\"];\n    if(data != null && data != undefined && data != \"\" )\n    {\n        if(Array.isArray(data)){\n            for(var i=0; i<data.length; i++)\n            {\n                text = text + data[i].thetext;\n                \n            }\n        }else if(data.hasOwnProperty(\"thetext\")){\n            text = text + data[\"thetext\"];\n        }\n        \n        \/\/text = text+\" \\n Modified Files:defectsearch.java\"\n        msg.payload[\"fulldesc\"] =text;\n    }\n}\n\nreturn msg;","noerr":0,"name":"combine comments","x":450,"y":320,"z":"1908302a.d100a","id":"a5f344bf.7da228","type":"function"},{"outputs":1,"wires":[[]],"func":"if(flow.get(\"arr\") != null && flow.get(\"arr\") !=undefined && msg.lastbug == flow.get(\"arr\").length+1)\n{   \/\/console.log(\"in if\")\nvar arr = flow.get(\"arr\");\n   \n    arr.push(msg.payload);\n     flow.set(\"arr\",arr);\n    msg.payload = flow.get(\"arr\");\n return msg;\n}\nelse\n{\n \n    var arr = flow.get(\"arr\");\n   if(arr === undefined || arr === null || arr.length == 0 )\n   {\n       \/\/console.log(\"=================\"+arr);     \n       arr = [];\n       arr.push(msg.payload);\n     flow.set(\"arr\",arr);\n     \/\/console.log(\"================ifff=\"+flow.get(\"arr\").length);     \n   }\n   else\n   {\n              \/\/console.log(\"================else=\"+arr);     \n    arr.push(msg.payload);\n     flow.set(\"arr\",arr);\n       \/\/console.log(\"================else=\"+flow.get(\"arr\").length);     \n   }\n}\n   ","noerr":0,"name":"Prepare Bug batch","x":310,"y":380,"z":"1908302a.d100a","id":"add0cb96.737ef8","type":"function"},{"wires":[["f2a70978.5d1578"]],"xmlString":"payload","name":"xmlStringtoJson","x":500,"y":260,"z":"1908302a.d100a","id":"e3503bd7.041148","type":"xmlStringtoJson"},{"rules":[{"p":"payload","t":"set","pt":"msg","tot":"msg","to":"payload.bugzilla.bug"}],"type":"change","wires":[["a5f344bf.7da228"]],"reg":false,"name":"Get Bug","property":"","x":240,"action":"","y":320,"z":"1908302a.d100a","from":"","id":"f2a70978.5d1578","to":""},{"outputs":1,"wires":[["3951e886.6f0f38"]],"func":"msg[\"concat_id\"] = \"show_bug.cgi?\"+msg[\"payload\"][\"id\"].split(\"show_bug.cgi?\")[1];\nreturn msg;","noerr":0,"name":"Get Bug Count","x":720,"y":80,"z":"1908302a.d100a","id":"c389afa5.39a1e","type":"function"},{"wires":[["e3503bd7.041148"]],"method":"GET","httpurl":"url","postinput":"{}","name":"","x":610,"y":200,"z":"1908302a.d100a","id":"51b51ec1.e58c5","type":"httpcookierequest"},{"wires":[],"console":false,"tostatus":false,"name":"","x":350,"active":true,"y":20,"z":"1908302a.d100a","id":"90db537.598cfb","type":"debug","complete":"true","tosidebar":true}],"in":[{"wires":[{"id":"412bcf19.02e52"}],"x":100,"y":80}],"name":"Bugzilla GetBugDetails(2)(1)(3)","id":"1908302a.d100a","type":"subflow","info":"","out":[{"wires":[{"port":0,"id":"add0cb96.737ef8"}],"x":520,"y":380}]}]}