{"processes":"General","nodes":[{"wires":[["6afd6c28.c17cf4"]],"name":"BugzillaConnector-profileconfig","x":170,"y":80,"z":"a7b93d55.75191","id":"434fbd8a.7b36a4","type":"Profileconfig","properties":[{"p":"Url","pt":"flow","isEditable":"true","displayname":"Url","tot":"str","description":"","ptype":"string","to":"http:\/\/10.98.100.119\/app_test_factory\/bugzilla\/","category":"settingstype","rcdoptions":""},{"p":"Product","pt":"flow","isEditable":"true","displayname":"Product","tot":"str","description":"","ptype":"string","to":"TAF","category":"settingstype","rcdoptions":""},{"p":"buglistApi","pt":"flow","isEditable":"true","displayname":"buglistApi","tot":"str","description":"","ptype":"string","to":"buglist.cgi?list_id=34320&query_format=advanced&bug_status=NEW&bug_status=UNCONFIRMED&bug_status=CONFIRMED&bug_status=IN_PROGRESS&bug_status=RE_OPENED&product=AOTC&product=iLCM%20%28Integrated%20Lifecycle%20Management%29&product=iLCM-TAF&product=TAF%20%28Test%20Automation%20Framework%29&product=Test%20Automation%20Framework&product=Test%20Automation%20Framework%202.0&ctype=rss","category":"settingstype","rcdoptions":""},{"p":"transformJSON","pt":"flow","isEditable":"true","displayname":"transformJSON","tot":"str","description":"","ptype":"string","to":"{\"transformations\":[{\"type\":\"renameFields\",\"fields\":{\"bug_id\":\"_id\",\"short_desc\":\"name\",\"fulldesc\":\"Description\",\"creation_ts\":\"Created Date\",\"delta_ts\":\"Updated Date\",\"product\":\"Product\",\"component\":\"Component\",\"release\":\"Release\",\"bug_status\":\"Status\",\"priority\":\"Priority\",\"bug_severity\":\"Severity\",\"assigned_to\":\"assignedto\",\"cf_deployment\":\"Deployment type\",\"cf_usecase\":\"req_type\",\"defecttype\":\"Defect type\"}},{\"type\":\"extractContentToNewField\",\"regularExpressions\":[\"[a-z.]+\/[a-z.]+\"],\"targetField\":[\"defectfiles\"],\"sourceField\":[\"Description\"]},{\"type\":\"copyField\",\"sourceField\":[\"defectfiles\"],\"targetField\":[\"files\"]},{\"type\":\"mergeFields\",\"fields\":[\"_id\",\"name\"],\"targetField\":\"mergetest\"},{\"type\":\"removeFields\",\"fields\":[\"long_desc\",\"bug_file_loc\",\"keywords\",\"status_whiteboard\"]}]}","category":"settingstype","rcdoptions":""},{"p":"FileLocation","pt":"flow","isEditable":"true","displayname":"File Location","tot":"str","description":"Template file location","ptype":"string","to":"C:\\\\Jagadeesh\\\\Test\\\\TAF_Open_bugs.xlsx","category":"settingstype","rcdoptions":""},{"p":"SheetName","pt":"flow","isEditable":"true","displayname":"Sheet Name","tot":"str","description":"Sheet name in template","ptype":"string","to":"BugList","category":"settingstype","rcdoptions":""},{"p":"Reportlocation","pt":"flow","isEditable":"true","displayname":"Reportlocation","tot":"str","description":"Repor generating location","ptype":"string","to":"C:\\\\Jagadeesh\\\\Test\\\\AtlasBugReport\\\\","category":"settingstype","rcdoptions":""},{"p":"Tomaillist","pt":"flow","isEditable":"true","displayname":"Tomaillist","tot":"str","description":"Tomaillist","ptype":"string","to":"jagadeesh.b@hcl.com","category":"settingstype","rcdoptions":""},{"p":"CCmaillist","pt":"flow","isEditable":"true","displayname":"CCmaillist","tot":"str","description":"CCmaillist","ptype":"string","to":"jagadeesh.b@hcl.com","category":"settingstype","rcdoptions":""},{"p":"month","pt":"flow","isEditable":"true","displayname":"Month","tot":"str","description":"Month","ptype":"dropdown","to":"Jun-19","category":"settingstype","rcdoptions":"Jan-19,Feb-19,Mar-19,Apr-19,May-19,Jun-19,Jul-19,Aug-19,Sep-19,Oct-19,Nov-19,Dec-19"},{"p":"start","pt":"flow","tot":"bool","to":"false","category":"systemtype"},{"p":"complete","pt":"flow","tot":"bool","to":"false","category":"systemtype"},{"p":"fail","pt":"flow","tot":"bool","to":"false","category":"systemtype"},{"p":"costPerTransaction","pt":"flow","isEditable":"true","displayname":"costPerTransaction","tot":"str","description":"","ptype":"string","to":"1","category":"systemtype","rcdoptions":""},{"p":"effortPerTransaction","pt":"flow","isEditable":"true","displayname":"effortPerTransaction","tot":"str","description":"","ptype":"string","to":"1","category":"systemtype","rcdoptions":""},{"p":"Stakeholders","pt":"flow","isEditable":"true","displayname":"Stakeholders","tot":"str","description":"","ptype":"string","to":"user@hcl.com","category":"systemtype","rcdoptions":""}]},{"wires":[["a5c584d8.6a7908"]],"subflow":"a0a7bc4d.c5aeb","name":"Bugzilla GetBugsList","x":480,"y":280,"z":"a7b93d55.75191","id":"8a8242dd.5ede9","type":"subflow:a0a7bc4d.c5aeb"},{"wires":[["f88c2daf.9f6c1"]],"subflow":"80a92048.61a9d","name":"Bugzilla GetBugDetails","x":180,"y":360,"z":"a7b93d55.75191","id":"a5c584d8.6a7908","type":"subflow:80a92048.61a9d"},{"outputs":1,"wires":[["af08d27c.6dd17"]],"func":"var closedbuglist = msg[\"payload\"];\n\nvar activities = [];\nvar months = [\"\", \"Jan\", \"Feb\", \"Mar\", \"Apr\", \"May\", \"Jun\", \"Jul\", \"Aug\", \"Sep\", \"Oct\", \"Nov\", \"Dec\"];\nfor(var index in closedbuglist){\n    var activitySource = closedbuglist[index];\n    \/\/var bugClosedMonthAndYear = \"\";\n        var outputobj = {};\n        var product1 = msg[\"Product\"];\n        if(activitySource[\"bug_status\"]==\"NEW\"||activitySource[\"bug_status\"]==\"CONFIRMED\"||activitySource[\"bug_status\"]==\"IN_PROGRESS\"||activitySource[\"bug_status\"]==\"RE_OPENED\"){\n            outputobj[\"Component\"] = activitySource[\"component\"];\n            outputobj[\"Bug ID\"] = activitySource[\"bug_id\"];\n            outputobj[\"Product\"] = product1;\/\/msg[\"product1\"] ;\n            outputobj[\"Version\"] = activitySource[\"version\"];\n            outputobj[\"Summary\"] = activitySource[\"short_desc\"];\n            outputobj[\"Assignee\"] = activitySource[\"assigned_to\"][\"name\"];\n            outputobj[\"Reporter\"] = activitySource[\"reporter\"][\"name\"];\n            outputobj[\"Status\"] = activitySource[\"bug_status\"]; \n            outputobj[\"Severity\"] = activitySource[\"bug_severity\"]; \n            outputobj[\"Planned effort\"] = parseInt(activitySource[\"estimated_time\"]);\n            outputobj[\"Actual effort\"] = parseInt(activitySource[\"actual_time\"]);\n            activities.push(outputobj);  \n         \n        }\n       \n    }\n\nmsg[\"activities\"] = activities;\nvar columnAndDatatype = {\n    \"Planned effort\" : \"Numeric\",\n    \"Actual effort\" : \"Numeric\"\n};\nmsg[\"columnAndDatatype\"] = columnAndDatatype;\n\/\/msg[\"FileLocation\"] = msg.result.data;\nreturn msg;","noerr":0,"name":"","x":410,"y":360,"z":"a7b93d55.75191","id":"f88c2daf.9f6c1","type":"function"},{"wires":[],"console":false,"tostatus":false,"name":"","x":550,"active":true,"y":440,"z":"a7b93d55.75191","id":"698ada6a.1d3024","type":"debug","complete":"true","tosidebar":true},{"columnDataTypes":"columnAndDatatype","dataForTemplate":"activities","reportExcelLocation":"Reportlocation","sheetName":"SheetName","type":"excel-template-filling","wires":[["a0cd450b.c0f068"]],"writeType":"overwrite","name":"Excel template filling","headerRowNumber":"1","x":640,"y":360,"z":"a7b93d55.75191","id":"af08d27c.6dd17","templateExcelLocation":"FileLocation"},{"outputs":1,"wires":[["4d2d2791.2d97f8"]],"func":"var product = msg[\"Product\"];\nvar monthAndYear = msg[\"month\"];\nvar monthOnly = monthAndYear.split(\"-\")[0];\nvar yearOnly = monthAndYear.split(\"-\")[1];\n\n\/\/JFM19_Feb_Sprint\nvar currentDate = new Date();\nvar months = [\"\", \"Jan\", \"Feb\", \"Mar\", \"Apr\", \"May\", \"Jun\", \"Jul\", \"Aug\", \"Sep\", \"Oct\", \"Nov\", \"Dec\"];\nvar monthNumber = (months.indexOf(monthOnly) < 10 ? \"0\"+months.indexOf(monthOnly) : months.indexOf(monthOnly));\n\nvar startDateOfMonth = new Date(parseInt(\"20\"+yearOnly), monthNumber, 1);\nvar endDateOfMonth = new Date(parseInt(\"20\"+yearOnly), monthNumber, 0);\n\nmsg[\"sprint-start\"] = startDateOfMonth.getFullYear()+\"-\"+monthNumber+\"-\"+startDateOfMonth.getDate()+\" 00:00:00\";\nmsg[\"sprint-end\"] = endDateOfMonth.getFullYear()+\"-\"+monthNumber+\"-\"+endDateOfMonth.getDate()+\" 23:59:59\";\n\nif(typeof msg.mailbody != 'undefined'){\n    if(typeof msg[\"CCmaillist\"] == 'undefined' || msg[\"CCmaillist\"] == ''){\n        msg[\"CCmaillist\"] = msg[\"Tomaillist\"];\n    }else{\n        msg[\"CCmaillist\"] = msg[\"CCmaillist\"] + \";\" + msg[\"Tomaillist\"];   \n    }\n    msg[\"Tomaillist\"] = msg.mailbody.senderEmailAddress;   \n} \n\n\nreturn msg;","noerr":0,"name":"","x":350,"y":180,"z":"a7b93d55.75191","id":"e0a09e4c.6549c","type":"function"},{"bccaddr":"","ccaddr":"CCmaillist","attachments":"attach","bodycon":"messageBody","type":"SendEmail","wires":[["698ada6a.1d3024"]],"toaddr":"Tomaillist","name":"","x":350,"y":440,"z":"a7b93d55.75191","id":"c5dd1715.251c78","mailsubject":"mailsubject"},{"outputs":1,"wires":[["c5dd1715.251c78"]],"func":"msg[\"attach\"]= msg[\"result\"][\"data\"];\nvar mailStr =\n\"<html>\"+\n\"<head><\/head>\"+\n\"<body style='font-family: arial;font-size: 14px;line-height: normal;width:100%;'>\"+\n\"<p>Hi All,<\/p>\"+\n\"<p>The daily bug status report for ATLAS is given below.<p>\"+\n\"<p>1.Open Bugs : Component wise distribution<\/p>\";\n\nvar bugDetails = msg.payload;\nvar componentwiseCounts = {};\nvar componentSeverityTotalCounts = {};\nvar assigneewiseCounts = {};\nvar assigneeSeverityTotalCounts = {};\nfor(var bugIndex in bugDetails){\n    var bugDetail = bugDetails[bugIndex];\n    var bugComponent = bugDetail[\"component\"];\n    var bugSeverity = bugDetail[\"bug_severity\"];\n\tvar bugStatus =  bugDetail[\"bug_status\"];\n\tvar Engineer = bugDetail[\"assigned_to\"][\"name\"];\n\tif(bugStatus==\"NEW\"||bugStatus==\"CONFIRMED\"||bugStatus==\"IN_PROGRESS\"||bugStatus==\"RE_OPENED\"){\n    if(!componentwiseCounts.hasOwnProperty(bugComponent)){\n        componentwiseCounts[bugComponent] = {};\n    }\n    if(!componentwiseCounts[bugComponent].hasOwnProperty(bugSeverity)){\n        componentwiseCounts[bugComponent][bugSeverity] = 0;\n    }\n\t\n\tif(!assigneewiseCounts.hasOwnProperty(Engineer)){\n        assigneewiseCounts[Engineer] = {};\n    }\n    if(!assigneewiseCounts[Engineer].hasOwnProperty(bugSeverity)){\n        assigneewiseCounts[Engineer][bugSeverity] = 0;\n    }\n\t\n    if(!componentSeverityTotalCounts.hasOwnProperty(bugSeverity)){\n        componentSeverityTotalCounts[bugSeverity] = 0;\n    }\n\t\n\tif(!assigneeSeverityTotalCounts.hasOwnProperty(bugSeverity)){\n        assigneeSeverityTotalCounts[bugSeverity] = 0;\n    }\n    \n    componentSeverityTotalCounts[bugSeverity] = (componentSeverityTotalCounts[bugSeverity] + 1);\n\tassigneeSeverityTotalCounts[bugSeverity] = (assigneeSeverityTotalCounts[bugSeverity] + 1);\n\t\n    componentwiseCounts[bugComponent][bugSeverity] = (componentwiseCounts[bugComponent][bugSeverity] + 1);\n\tassigneewiseCounts[Engineer][bugSeverity] = (assigneewiseCounts[Engineer][bugSeverity] + 1);\n\t}\n}\ncomponentwiseCounts[\"Total\"] = componentSeverityTotalCounts;\nassigneewiseCounts[\"Total\"] = assigneeSeverityTotalCounts;\n\nvar tableStyle = 'font-family:&quot;Calibri&quot;,sans-serif;border:0px solid #ccc;width:75%';\nvar headStyle = 'font-family:&quot;Calibri&quot;,sans-serif;color:white;background:#4DB3A2;padding:.75pt .75pt .75pt .75pt;text-align:center;';\nvar dataStyle = 'font-family:&quot;Calibri&quot;,sans-serif;background:#E5E4E2;padding:.75pt .75pt .75pt .75pt;text-align:center;';\nvar bugReoprtBody = \"<br><table style='\"+tableStyle+\"'><tr><th style='\"+headStyle+\"'>Components<\/th><th style='\"+headStyle+\"'>Blocker<\/th><th style='\"+headStyle+\"'>Critical<\/th><th style='\"+headStyle+\"'>Major<\/th><th style='\"+headStyle+\"'>Minor<\/th><th style='\"+headStyle+\"'>Enhancement<\/th><th style='\"+headStyle+\"'>Total<\/th><\/tr>\";\nfor(var component in componentwiseCounts){\n\tvar cellType = \"td\";\t\n\tif(component == \"Total\"){\n\t\tcellType = \"th\";\n\t}\n\tbugReoprtBody += \"<tr><th style='\"+dataStyle+\"'>\"+component+\"<\/th>\";\n\tvar severitiesCount = componentwiseCounts[component];\n\tvar total = 0;\n\tif(severitiesCount.hasOwnProperty(\"blocker\")){\n\t\tbugReoprtBody += \"<\"+cellType+\" style='\"+dataStyle+\"'>\"+severitiesCount[\"blocker\"]+\"<\/\"+cellType+\">\";    \n\t\ttotal = total + severitiesCount[\"blocker\"];\n\t}else{\n\t\tbugReoprtBody += \"<\"+cellType+\" style='\"+dataStyle+\"'>0<\/\"+cellType+\">\";    \n\t}\n\t\n\tif(severitiesCount.hasOwnProperty(\"critical\")){\n\t\tbugReoprtBody += \"<\"+cellType+\" style='\"+dataStyle+\"'>\"+severitiesCount[\"critical\"]+\"<\/\"+cellType+\">\";    \n\t\ttotal = total + severitiesCount[\"critical\"];\n\t}else{\n\t\tbugReoprtBody += \"<\"+cellType+\" style='\"+dataStyle+\"'>0<\/\"+cellType+\">\";    \n\t}\n\t\n\tif(severitiesCount.hasOwnProperty(\"major\")){\n\t\tbugReoprtBody += \"<\"+cellType+\" style='\"+dataStyle+\"'>\"+severitiesCount[\"major\"]+\"<\/\"+cellType+\">\"; \n\t\ttotal = total + severitiesCount[\"major\"];\n\t}else{\n\t\tbugReoprtBody += \"<\"+cellType+\" style='\"+dataStyle+\"'>0<\/\"+cellType+\">\";    \n\t}\n\t\n\tif(severitiesCount.hasOwnProperty(\"minor\")){\n\t\tbugReoprtBody += \"<\"+cellType+\" style='\"+dataStyle+\"'>\"+severitiesCount[\"minor\"]+\"<\/\"+cellType+\">\"; \n\t\ttotal = total + severitiesCount[\"minor\"];\n\t}else{\n\t\tbugReoprtBody += \"<\"+cellType+\" style='\"+dataStyle+\"'>0<\/\"+cellType+\">\";    \n\t}\n\tif(severitiesCount.hasOwnProperty(\"enhancement\")){\n\t\tbugReoprtBody += \"<\"+cellType+\" style='\"+dataStyle+\"'>\"+severitiesCount[\"enhancement\"]+\"<\/\"+cellType+\">\"; \n\t\ttotal = total + severitiesCount[\"enhancement\"];\n\t}else{\n\t\tbugReoprtBody += \"<\"+cellType+\" style='\"+dataStyle+\"'>0<\/\"+cellType+\">\";    \n\t}\n\tbugReoprtBody += \"<th style='\"+dataStyle+\"'>\"+total+\"<\/th><\/tr>\";\n\t\n}\n\/\/bugReoprtBody+= \"<tr><th style='\"+dataStyle+\"'>Total<th>\";\nbugReoprtBody+= \"<\/table>\";\n\n\nbugReoprtBody += \"<br\/><br\/><p>2.Open Bugs : Engineer Wise Distribution<\/p><br\/><table style='\"+tableStyle+\"'><tr><th style='\"+headStyle+\"'>Engineer Name<\/th><th style='\"+headStyle+\"'>Blocker<\/th><th style='\"+headStyle+\"'>Critical<\/th><th style='\"+headStyle+\"'>Major<\/th><th style='\"+headStyle+\"'>Minor<\/th><th style='\"+headStyle+\"'>Enhancement<\/th><th style='\"+headStyle+\"'>Total<\/th><\/tr>\";\nfor(var engname in assigneewiseCounts){\n    var cellType = \"td\";\n    if(engname == \"Total\"){\n        cellType = \"th\";\n    }\n    bugReoprtBody += \"<tr><th style='\"+dataStyle+\"'>\"+engname+\"<\/th>\";\n    var severitiesCount = assigneewiseCounts[engname];\n    var total = 0;\n    if(severitiesCount.hasOwnProperty(\"blocker\")){\n        bugReoprtBody += \"<\"+cellType+\" style='\"+dataStyle+\"'>\"+severitiesCount[\"blocker\"]+\"<\/\"+cellType+\">\";    \n        total = total + severitiesCount[\"blocker\"];\n    }else{\n        bugReoprtBody += \"<\"+cellType+\" style='\"+dataStyle+\"'>0<\/\"+cellType+\">\";    \n    }\n    \n    if(severitiesCount.hasOwnProperty(\"critical\")){\n        bugReoprtBody += \"<\"+cellType+\" style='\"+dataStyle+\"'>\"+severitiesCount[\"critical\"]+\"<\/\"+cellType+\">\";    \n        total = total + severitiesCount[\"critical\"];\n    }else{\n        bugReoprtBody += \"<\"+cellType+\" style='\"+dataStyle+\"'>0<\/\"+cellType+\">\";    \n    }\n    \n    if(severitiesCount.hasOwnProperty(\"major\")){\n        bugReoprtBody += \"<\"+cellType+\" style='\"+dataStyle+\"'>\"+severitiesCount[\"major\"]+\"<\/\"+cellType+\">\"; \n        total = total + severitiesCount[\"major\"];\n    }else{\n        bugReoprtBody += \"<\"+cellType+\" style='\"+dataStyle+\"'>0<\/\"+cellType+\">\";    \n    }\n\tif(severitiesCount.hasOwnProperty(\"minor\")){\n\t\tbugReoprtBody += \"<\"+cellType+\" style='\"+dataStyle+\"'>\"+severitiesCount[\"minor\"]+\"<\/\"+cellType+\">\"; \n\t\ttotal = total + severitiesCount[\"minor\"];\n\t}else{\n\t\tbugReoprtBody += \"<\"+cellType+\" style='\"+dataStyle+\"'>0<\/\"+cellType+\">\";    \n\t}\n\tif(severitiesCount.hasOwnProperty(\"enhancement\")){\n\t\tbugReoprtBody += \"<\"+cellType+\" style='\"+dataStyle+\"'>\"+severitiesCount[\"enhancement\"]+\"<\/\"+cellType+\">\"; \n\t\ttotal = total + severitiesCount[\"enhancement\"];\n\t}else{\n\t\tbugReoprtBody += \"<\"+cellType+\" style='\"+dataStyle+\"'>0<\/\"+cellType+\">\";    \n\t}\n    bugReoprtBody += \"<th style='\"+dataStyle+\"'>\"+total+\"<\/th><\/tr>\";\n}\nbugReoprtBody += \"<\/table>\";\n\nmsg.messageBody = mailStr + bugReoprtBody + \"<p>Regards,<br\/>ATLAS Bug Report Usecase<br\/><i>This is an ATLAS BOT Generated Report<\/i><\/p><\/body><\/html>\";\n\nvar date = new Date();\nvar year = date.getFullYear();\nvar month = (\"0\"+(date.getMonth()+1)).substr(-2);\nvar day = (\"0\"+date.getDate()).substr(-2);\nvar hour = (\"0\"+date.getHours()).substr(-2);\nvar minutes = (\"0\"+date.getMinutes()).substr(-2);\nvar seconds = (\"0\"+date.getSeconds()).substr(-2);\nvar timestamp= year+\"-\"+month+\"-\"+day+\" \"+hour+\":\"+minutes+\":\"+seconds;\nvar mailsub= msg[\"Product\"]+\" : Open Defects Status Report\"+\"-\"+timestamp;\nmsg.mailsubject = mailsub;\nreturn msg;\n","noerr":0,"name":"","x":150,"y":440,"z":"a7b93d55.75191","id":"a0cd450b.c0f068","type":"function"},{"wires":[["efed6bbc.5c79c8"]],"scope":null,"name":"","x":320,"y":40,"z":"a7b93d55.75191","id":"910605e8.9bc498","type":"catch"},{"wires":[],"console":false,"tostatus":false,"name":"","x":510,"active":true,"y":40,"z":"a7b93d55.75191","id":"efed6bbc.5c79c8","type":"debug","complete":"true","tosidebar":true},{"wires":[],"name":"end","x":460,"y":100,"z":"a7b93d55.75191","id":"6afd6c28.c17cf4","type":"End"},{"rules":[{"p":"Url","t":"set","pt":"msg","tot":"flow","to":"Url"},{"p":"buglistApi","t":"set","pt":"msg","tot":"flow","to":"buglistApi"},{"p":"Product","t":"set","pt":"msg","tot":"flow","to":"Product"},{"p":"FieldNameChange","t":"set","pt":"msg","tot":"flow","to":"FieldNameChange"},{"p":"FiledsFilter","t":"set","pt":"msg","tot":"flow","to":"FiledsFilter"},{"p":"ExcelPath","t":"set","pt":"msg","tot":"flow","to":"ExcelPath"},{"p":"collection","t":"set","pt":"msg","tot":"flow","to":"Mongo_Collection_Name"},{"p":"ExtractedFieldName","t":"set","pt":"msg","tot":"flow","to":"ExtractedFieldName"},{"p":"ExtractSourceField","t":"set","pt":"msg","tot":"flow","to":"ExtractSourceField"},{"p":"expression","t":"set","pt":"msg","tot":"flow","to":"expression"}],"type":"change","wires":[["8a8242dd.5ede9"]],"reg":false,"name":"set conig properties to msg","property":"","x":180,"action":"","y":280,"z":"a7b93d55.75191","from":"","id":"4d2d2791.2d97f8","to":""},{"crontab":"00 09 * * *","type":"inject","wires":[["e0a09e4c.6549c"]],"payloadType":"date","payload":"","repeat":"","name":"Defect Report","x":130,"topic":"","y":180,"z":"a7b93d55.75191","id":"cb39f3da.081d4","currentLoggedInUser":"admin"}],"keywords":"Bugzilla, Connector","createdBy":"admin","project":"DemoProject","id":"a7b93d55.75191","label":"TAF Defect Report","processGroup":"General","assignedTo":["admin","admin","admin","admin","admin","admin","admin","admin","admin","admin","admin","admin","admin"],"subflows":[{"configs":[],"nodes":[{"wires":[["6e38f0ff.63f21"]],"name":"Form request URL for Bugzilla","x":310,"y":60,"z":"a0a7bc4d.c5aeb","id":"b1f651b5.1e613","type":"Concat","properties":[{"p":"Url","pt":"msg"},{"p":"buglistApi","pt":"msg"},{"p":"&chfieldto=","pt":"str"},{"p":"sprint-end","pt":"msg"},{"p":"&chfieldfrom=","pt":"str"},{"p":"sprint-start","pt":"msg"},{"p":"&product=","pt":"str"},{"p":"Product","pt":"msg"},{"p":"&bug_status=","pt":"str"},{"p":"CLOSED","pt":"str"}]},{"rules":[{"p":"url","t":"set","pt":"msg","tot":"msg","to":"payload"}],"type":"change","wires":[["9ae5b64a.c35d18"]],"reg":false,"name":"Set URL Property to context","property":"","x":620,"action":"","y":60,"z":"a0a7bc4d.c5aeb","from":"","id":"6e38f0ff.63f21","to":""},{"ret":"txt","wires":[["cbb28ba4.18b7d8"]],"method":"GET","name":"Get Bug List","x":510,"y":160,"z":"a0a7bc4d.c5aeb","tls":"","id":"74784357.f8a37c","type":"http request","url":""},{"wires":[[]],"xmlString":"payload","name":"xmlStringtoJson","x":280,"y":260,"z":"a0a7bc4d.c5aeb","id":"cbb28ba4.18b7d8","type":"xmlStringtoJson"},{"wires":[["74784357.f8a37c"]],"method":"POST COOKIE","httpurl":"http:\/\/10.98.100.119\/app_test_factory\/bugzilla\/","postinput":"{\"Bugzilla_login\": \"jagadeesh.b\", \"Bugzilla_password\": \"Amma@501\",\"GoAheadAndLogIn\": \"Log+in\" }","name":"","x":250,"y":160,"z":"a0a7bc4d.c5aeb","id":"9ae5b64a.c35d18","type":"httpcookierequest"},{"wires":[[]],"method":"GET","httpurl":"","postinput":"{}","name":"","x":730,"y":200,"z":"a0a7bc4d.c5aeb","id":"39bdeed2.9c3972","type":"httpcookierequest"}],"in":[{"wires":[{"id":"b1f651b5.1e613"}],"x":100,"y":40}],"name":"Bugzilla-GetBugsList(3)(1)(1)(2)(1)(2)(1)(2)(1)","id":"a0a7bc4d.c5aeb","type":"subflow","info":"","out":[{"wires":[{"port":0,"id":"cbb28ba4.18b7d8"}],"x":460,"y":260}]},{"configs":[],"nodes":[{"outputs":1,"wires":[["874f3c97.a8534"]],"func":"msg.lastbug = msg.payload.feed.entry.length\nvar arr =[]\nflow.set(\"arr\",arr)\nreturn msg;","noerr":0,"name":"Get Bug Count","x":260,"y":80,"z":"80a92048.61a9d","id":"4c71abeb.7e01f4","type":"function"},{"wires":[["5c41d1c7.c5705"]],"name":"Loop over Bug list","property":"payload.feed.entry","x":490,"y":80,"z":"80a92048.61a9d","id":"874f3c97.a8534","type":"splitter"},{"wires":[["5e1c3f35.ffbdb"]],"name":"Form request URL for Bug","x":360,"y":140,"z":"80a92048.61a9d","id":"43fd8d12.430214","type":"Concat","properties":[{"p":"Url","pt":"msg"},{"p":"concat_id","pt":"msg"},{"p":"&ctype=xml","pt":"str"}]},{"rules":[{"p":"url","t":"set","pt":"msg","tot":"msg","to":"payload"}],"type":"change","wires":[["deb280b4.07885"]],"reg":false,"name":"Set Bug URL Property to context","property":"","x":350,"action":"","y":200,"z":"80a92048.61a9d","from":"","id":"5e1c3f35.ffbdb","to":""},{"outputs":1,"wires":[["64d158a3.e4fa58"]],"func":"if(msg.payload.hasOwnProperty(\"long_desc\"))\n{\n    var text=\"\";\n    var data = msg.payload[\"long_desc\"];\n    if(data != null && data != undefined && data != \"\" )\n    {\n        if(Array.isArray(data)){\n            for(var i=0; i<data.length; i++)\n            {\n                text = text + data[i].thetext;\n                \n            }\n        }else if(data.hasOwnProperty(\"thetext\")){\n            text = text + data[\"thetext\"];\n        }\n        \n        \/\/text = text+\" \\n Modified Files:defectsearch.java\"\n        msg.payload[\"fulldesc\"] =text;\n    }\n}\n\nreturn msg;","noerr":0,"name":"combine comments","x":450,"y":320,"z":"80a92048.61a9d","id":"6b6998ed.a4deb8","type":"function"},{"outputs":1,"wires":[[]],"func":"if(flow.get(\"arr\") != null && flow.get(\"arr\") !=undefined && msg.lastbug == flow.get(\"arr\").length+1)\n{   \/\/console.log(\"in if\")\nvar arr = flow.get(\"arr\");\n   \n    arr.push(msg.payload);\n     flow.set(\"arr\",arr);\n    msg.payload = flow.get(\"arr\");\n return msg;\n}\nelse\n{\n \n    var arr = flow.get(\"arr\");\n   if(arr === undefined || arr === null || arr.length == 0 )\n   {\n       \/\/console.log(\"=================\"+arr);     \n       arr = [];\n       arr.push(msg.payload);\n     flow.set(\"arr\",arr);\n     \/\/console.log(\"================ifff=\"+flow.get(\"arr\").length);     \n   }\n   else\n   {\n              \/\/console.log(\"================else=\"+arr);     \n    arr.push(msg.payload);\n     flow.set(\"arr\",arr);\n       \/\/console.log(\"================else=\"+flow.get(\"arr\").length);     \n   }\n}\n   ","noerr":0,"name":"Prepare Bug batch","x":310,"y":380,"z":"80a92048.61a9d","id":"64d158a3.e4fa58","type":"function"},{"rules":[{"p":"payload","t":"set","pt":"msg","tot":"msg","to":"payload.bugzilla.bug"}],"type":"change","wires":[["6b6998ed.a4deb8"]],"reg":false,"name":"Get Bug","property":"","x":240,"action":"","y":320,"z":"80a92048.61a9d","from":"","id":"db000fa9.96903","to":""},{"outputs":1,"wires":[["43fd8d12.430214"]],"func":"msg[\"concat_id\"] = \"show_bug.cgi?\"+msg[\"payload\"][\"id\"].split(\"show_bug.cgi?\")[1];\nreturn msg;","noerr":0,"name":"Get Bug Count","x":720,"y":80,"z":"80a92048.61a9d","id":"5c41d1c7.c5705","type":"function"},{"wires":[["804b0755.f26588"]],"method":"GET","httpurl":"url","postinput":"{}","name":"","x":610,"y":200,"z":"80a92048.61a9d","id":"deb280b4.07885","type":"httpcookierequest"},{"wires":[],"console":false,"tostatus":false,"name":"","x":670,"active":true,"y":300,"z":"80a92048.61a9d","id":"f440caed.7374d8","type":"debug","complete":"true","tosidebar":true},{"wires":[["db000fa9.96903"]],"xmlString":"payload","name":"xmlStringtoJson","x":500,"y":260,"z":"80a92048.61a9d","id":"804b0755.f26588","type":"xmlStringtoJson"}],"in":[{"wires":[{"id":"4c71abeb.7e01f4"}],"x":100,"y":80}],"name":"Bugzilla GetBugDetails(2)(1)(2)(1)(2)(1)(2)(1)","id":"80a92048.61a9d","type":"subflow","info":"","out":[{"wires":[{"port":0,"id":"64d158a3.e4fa58"}],"x":520,"y":380}]}]}