{"processes":"General","nodes":[{"wires":[["bb65cb98.a6c598"]],"name":"BugzillaConnector-profileconfig","x":190,"y":60,"z":"b7a2eb46.2fecd8","id":"2ec381da.65f9fe","type":"Profileconfig","properties":[{"p":"Url","pt":"flow","isEditable":"true","displayname":"Url","tot":"str","description":"","ptype":"string","to":"http:\/\/10.98.100.119\/pss\/bugzilla\/","category":"settingstype","rcdoptions":""},{"p":"Product","pt":"flow","isEditable":"true","displayname":"Product","tot":"str","description":"","ptype":"string","to":"iTS","category":"settingstype","rcdoptions":""},{"p":"buglistApi","pt":"flow","isEditable":"true","displayname":"buglistApi","tot":"str","description":"","ptype":"string","to":"buglist.cgi?bug_status=RESOLVED&resolution=FIXED&ctype=rss","category":"settingstype","rcdoptions":""},{"p":"transformJSON","pt":"flow","isEditable":"true","displayname":"transformJSON","tot":"str","description":"","ptype":"string","to":"{\"transformations\":[{\"type\":\"renameFields\",\"fields\":{\"bug_id\":\"_id\",\"short_desc\":\"name\",\"fulldesc\":\"Description\",\"creation_ts\":\"Created Date\",\"delta_ts\":\"Updated Date\",\"product\":\"Product\",\"component\":\"Component\",\"release\":\"Release\",\"bug_status\":\"Status\",\"priority\":\"Priority\",\"bug_severity\":\"Severity\",\"assigned_to\":\"assignedto\",\"cf_deployment\":\"Deployment type\",\"cf_usecase\":\"req_type\",\"defecttype\":\"Defect type\"}},{\"type\":\"extractContentToNewField\",\"regularExpressions\":[\"[a-z.]+\/[a-z.]+\"],\"targetField\":[\"defectfiles\"],\"sourceField\":[\"Description\"]},{\"type\":\"copyField\",\"sourceField\":[\"defectfiles\"],\"targetField\":[\"files\"]},{\"type\":\"mergeFields\",\"fields\":[\"_id\",\"name\"],\"targetField\":\"mergetest\"},{\"type\":\"removeFields\",\"fields\":[\"long_desc\",\"bug_file_loc\",\"keywords\",\"status_whiteboard\"]}]}","category":"settingstype","rcdoptions":""},{"p":"FileLocation","pt":"flow","isEditable":"true","displayname":"File Location","tot":"str","description":"Template file location","ptype":"string","to":"D:\\\\PSS-Bugzilla\\\\ATLAS-FY19-Nippon.xlsm","category":"settingstype","rcdoptions":""},{"p":"SheetName","pt":"flow","isEditable":"true","displayname":"Sheet Name","tot":"str","description":"Sheet name in template","ptype":"string","to":"Data Collection","category":"settingstype","rcdoptions":""},{"p":"Reportlocation","pt":"flow","isEditable":"true","displayname":"Reportlocation","tot":"str","description":"Repor generating location","ptype":"string","to":"D:\\\\PSS-Bugzilla\\\\NipponReport\\\\","category":"settingstype","rcdoptions":""},{"p":"Tomaillist","pt":"flow","isEditable":"true","displayname":"Tomaillist","tot":"str","description":"Tomaillist","ptype":"string","to":"kishorekakarlas@hcl.com","category":"settingstype","rcdoptions":""},{"p":"CCmaillist","pt":"flow","isEditable":"true","displayname":"CCmaillist","tot":"str","description":"CCmaillist","ptype":"string","to":"Sureshnaidup@hcl.com;sreebanraj.r@hcl.com;jagadeesh.b@hcl.com;hareem@hcl.com","category":"settingstype","rcdoptions":""},{"p":"month","pt":"flow","isEditable":"true","displayname":"Month","tot":"str","description":"Month","ptype":"dropdown","to":"May-19","category":"settingstype","rcdoptions":"Jan-19,Feb-19,Mar-19,Apr-19,May-19,Jun-19,Jul-19,Aug-19,Sep-19,Nov-19,Dec-19"},{"p":"start","pt":"flow","tot":"bool","to":"false","category":"systemtype"},{"p":"complete","pt":"flow","tot":"bool","to":"false","category":"systemtype"},{"p":"fail","pt":"flow","tot":"bool","to":"false","category":"systemtype"},{"p":"costPerTransaction","pt":"flow","isEditable":"true","displayname":"costPerTransaction","tot":"str","description":"","ptype":"string","to":"1","category":"systemtype","rcdoptions":""},{"p":"effortPerTransaction","pt":"flow","isEditable":"true","displayname":"effortPerTransaction","tot":"str","description":"","ptype":"string","to":"1","category":"systemtype","rcdoptions":""},{"p":"Stakeholders","pt":"flow","isEditable":"true","displayname":"Stakeholders","tot":"str","description":"","ptype":"string","to":"user@hcl.com","category":"systemtype","rcdoptions":""}]},{"crontab":"","type":"inject","wires":[["5d0e98c6.71b308"]],"payloadType":"date","payload":"","once":false,"repeat":"","name":"BugzillaConnector-inject","x":190,"topic":"","y":140,"z":"b7a2eb46.2fecd8","id":"ecb8c6eb.c708c8","currentLoggedInUser":"admin","onceDelay":""},{"wires":[["de2a4421.982648"]],"scope":null,"name":"","x":340,"y":20,"z":"b7a2eb46.2fecd8","id":"2229cdc1.83ae12","type":"catch"},{"wires":[],"console":false,"tostatus":false,"name":"","x":530,"active":true,"y":20,"z":"b7a2eb46.2fecd8","id":"de2a4421.982648","type":"debug","complete":"true","tosidebar":true},{"rules":[{"p":"Url","t":"set","pt":"msg","tot":"flow","to":"Url"},{"p":"buglistApi","t":"set","pt":"msg","tot":"flow","to":"buglistApi"},{"p":"Product","t":"set","pt":"msg","tot":"flow","to":"Product"},{"p":"FieldNameChange","t":"set","pt":"msg","tot":"flow","to":"FieldNameChange"},{"p":"FiledsFilter","t":"set","pt":"msg","tot":"flow","to":"FiledsFilter"},{"p":"ExcelPath","t":"set","pt":"msg","tot":"flow","to":"ExcelPath"},{"p":"collection","t":"set","pt":"msg","tot":"flow","to":"Mongo_Collection_Name"},{"p":"ExtractedFieldName","t":"set","pt":"msg","tot":"flow","to":"ExtractedFieldName"},{"p":"ExtractSourceField","t":"set","pt":"msg","tot":"flow","to":"ExtractSourceField"},{"p":"expression","t":"set","pt":"msg","tot":"flow","to":"expression"}],"type":"change","wires":[["a97ca414.50f628"]],"reg":false,"name":"set conig properties to msg","property":"","x":200,"action":"","y":220,"z":"b7a2eb46.2fecd8","from":"","id":"7eab8905.d25218","to":""},{"wires":[["cabf603b.058e7"]],"subflow":"68e0ffad.d8f61","name":"Bugzilla GetBugsList","x":500,"y":220,"z":"b7a2eb46.2fecd8","id":"a97ca414.50f628","type":"subflow:68e0ffad.d8f61"},{"wires":[["102d38e8.cd6cf7"]],"subflow":"376a8270.d1598e","name":"Bugzilla GetBugDetails","x":200,"y":300,"z":"b7a2eb46.2fecd8","id":"cabf603b.058e7","type":"subflow:376a8270.d1598e"},{"outputs":1,"wires":[["36cbba04.a07a26"]],"func":"var closedbuglist = msg[\"payload\"];\nvar activities = [];\nvar months = [\"\", \"Jan\", \"Feb\", \"Mar\", \"Apr\", \"May\", \"Jun\", \"Jul\", \"Aug\", \"Sep\", \"Oct\", \"Nov\", \"Dec\"];\nfor(var index in closedbuglist){\n    var activitySource = closedbuglist[index];\n    var bugClosedMonthAndYear = \"\";\n    \n    if(typeof activitySource[\"cf_resolveddate\"] != 'undefined'){\n        bugClosedMonthAndYear = months[parseInt(activitySource[\"cf_resolveddate\"].split(\"-\")[1])] + \"-\" + activitySource[\"cf_resolveddate\"].split(\"-\")[0].toString().substring(2);\n    }\n    console.log(activitySource[\"bug_id\"]+\" ~ \"+ bugClosedMonthAndYear +\" -- \" +\" --> \"+activitySource[\"cf_resolveddate\"]);\n    if(bugClosedMonthAndYear == msg[\"month\"]){\n        var outputobj = {};\n        var statusclose = \"Completed\";\n        var sprintre = \"Sprint rework\";\n        outputobj[\"S.No\"] = activitySource[\"bug_id\"];\n        outputobj[\"Release \/ CR Name\"] = msg[\"sprint\"] ;\n        outputobj[\"Month\"] = bugClosedMonthAndYear;\n        outputobj[\"Task description\"] = \"Bug-\"+activitySource[\"bug_id\"]+\"-\"+activitySource[\"short_desc\"];\n        outputobj[\"Phase\"] = sprintre;\n        var examp = {};\n        examp = activitySource[\"assigned_to\"];\n        if(typeof examp != 'undefined'){\n            outputobj[\"Resource Name\"] = examp[\"$t\"].split(\"@\")[0];\n        }else{\n            outputobj[\"Resource Name\"] = \"\";   \n            }\n        \n        console.log(\"~~~> \"+activitySource[\"estimated_time\"]);\n        console.log(\"<~~~ \"+activitySource[\"actual_time\"]);\n        if(typeof activitySource[\"estimated_time\"] == 'undefined'){\n            activitySource[\"estimated_time\"] = 1;\n        }\n        if(typeof activitySource[\"actual_time\"] == 'undefined'){\n            activitySource[\"actual_time\"] = 1;\n        }\n        \n        outputobj[\"Planned effort\"] = parseInt(activitySource[\"estimated_time\"]);\n        outputobj[\"Actual effort\"] = parseInt(activitySource[\"actual_time\"]);\n        \/*if(activitySource[\"bug_status\"] == \"CLOSED\"){\n           outputobj[\"Status\"] = statusclose; \n        }*\/\n        outputobj[\"Status\"] = statusclose; \n        activities.push(outputobj);\n    }\n}\n\nmsg[\"activities\"] = activities;\n\nvar columnAndDatatype = {\n    \"S.No\" : \"Numeric\",\n    \"Planned effort\" : \"Numeric\",\n    \"Actual effort\" : \"Numeric\"\n};\nmsg[\"columnAndDatatype\"] = columnAndDatatype;\n\nreturn msg;","noerr":0,"name":"","x":430,"y":300,"z":"b7a2eb46.2fecd8","id":"102d38e8.cd6cf7","type":"function"},{"wires":[],"console":false,"tostatus":false,"name":"","x":750,"active":true,"y":420,"z":"b7a2eb46.2fecd8","id":"6779dd7c.7057f4","type":"debug","complete":"true","tosidebar":true},{"wires":[],"name":"end","x":480,"y":80,"z":"b7a2eb46.2fecd8","id":"bb65cb98.a6c598","type":"End"},{"ret":"txt","wires":[["3e025e8b.45c712"]],"method":"POST","name":"","x":590,"y":500,"z":"b7a2eb46.2fecd8","tls":"","id":"c0264c38.b443a","type":"http request","url":""},{"outputs":1,"wires":[["9225def.033e22"]],"func":"msg[\"payload\"] = JSON.parse(msg[\"payload\"]);\nvar activityList = msg[\"payload\"][\"data\"];\nvar activities = [];\n\nfor(var index in activityList){\n    var activitySource = activityList[index];\n    var activity = {};\n    \/\/Push data to excel only if te status is completed\n   if(activitySource[\"statusName\"] == \"Completed\"){\n        activity[\"S.No\"] = activitySource[\"activityId\"];\n        activity[\"Release \/ CR Name\"] = activitySource[\"activityWorkPackageName\"];\n        activity[\"Month\"]= msg[\"month\"];\n        \n        activity[\"Task description\"] = activitySource[\"activityName\"];\n    \tactivity[\"Phase\"] = activitySource[\"activityTypeName\"];\n        activity[\"Resource Name\"] = activitySource[\"assigneeName\"];\n        \/\/activity[\"Available Effort\"] = \"\";\n        activity[\"Planned effort\"] = activitySource[\"plannedEffort\"];\n        activity[\"Actual effort\"] = activitySource[\"totalEffort\"];\n    \n        activity[\"Status\"] = activitySource[\"statusName\"];\n        activities.push(activity);\n       \n   }\n    \n  \n}\n\nmsg[\"activities\"] = activities;\n\nvar columnAndDatatype = {\n    \"S.No\" : \"Numeric\",\n    \"Planned effort\" : \"Numeric\",\n    \"Actual effort\" : \"Numeric\"\n};\nmsg[\"columnAndDatatype\"] = columnAndDatatype;\n\nreturn msg;","noerr":0,"name":"","x":190,"y":580,"z":"b7a2eb46.2fecd8","id":"3e025e8b.45c712","type":"function"},{"columnDataTypes":"columnAndDatatype","dataForTemplate":"activities","reportExcelLocation":"Reportlocation","sheetName":"SheetName","type":"excel-template-filling","wires":[["c4959b50.86d978"]],"writeType":"append","name":"Excel template filling","headerRowNumber":"1","x":400,"y":580,"z":"b7a2eb46.2fecd8","id":"9225def.033e22","templateExcelLocation":"FileLocation"},{"columnDataTypes":"columnAndDatatype","dataForTemplate":"activities","reportExcelLocation":"Reportlocation","sheetName":"SheetName","type":"excel-template-filling","wires":[["7ad5d064.027a"]],"writeType":"append","name":"Excel template filling","headerRowNumber":"1","x":660,"y":300,"z":"b7a2eb46.2fecd8","id":"36cbba04.a07a26","templateExcelLocation":"FileLocation"},{"outputs":1,"wires":[["7eab8905.d25218"]],"func":"var product = msg[\"Product\"];\nvar monthAndYear = msg[\"month\"];\nvar monthOnly = monthAndYear.split(\"-\")[0];\nvar yearOnly = monthAndYear.split(\"-\")[1];\n\n\/\/JFM19_Feb_Sprint\nvar currentDate = new Date();\nvar sprint = \"JFM\"+yearOnly+\"_\"+monthOnly+\"_Sprint\";\nmsg[\"sprint\"] = sprint;\n\nvar months = [\"\", \"Jan\", \"Feb\", \"Mar\", \"Apr\", \"May\", \"Jun\", \"Jul\", \"Aug\", \"Sep\", \"Oct\", \"Nov\", \"Dec\"];\nvar monthNumber = (months.indexOf(monthOnly) < 10 ? \"0\"+months.indexOf(monthOnly) : months.indexOf(monthOnly));\n\nvar startDateOfMonth = new Date(parseInt(\"20\"+yearOnly), monthNumber, 1);\n\/\/var endDateOfMonth = new Date(parseInt(\"20\"+yearOnly), monthNumber, 0);\nvar endDateOfMonth = new Date();\n\nmsg[\"sprint-start\"] = startDateOfMonth.getFullYear()+\"-\"+monthNumber+\"-\"+startDateOfMonth.getDate();\/\/+\" 00:00:00\";\nmsg[\"sprint-end\"] = \"NOW\"\/\/endDateOfMonth.getFullYear()+\"-\"+monthNumber+\"-\"+endDateOfMonth.getDate()+\" 23:59:59\";\n\nvar activityRequest = {\n    \"productName\":product,\n    \"user\":\"silambarasur\",\n    \"activityWorkPackageName\":sprint,\n    \"productVersionName\":\"VERSION1\",\n    \"productBuildName\":\"Build1\",\n    \"plannedStartDate\":\"= \"+monthNumber+\"\/\"+startDateOfMonth.getDate()+\"\/\"+startDateOfMonth.getFullYear()\n}\nmsg[\"payload\"] = activityRequest;\n\nif(typeof msg[\"iLCM_URL\"] == 'undefined' || msg[\"iLCM_URL\"].trim() == ''){\n    \/\/msg[\"url\"] = \"http:\/\/10.99.25.228:8080\/ILCM\/rest\/atlas\/ilcm\/activityManagement\/query\/getActivites\";    \n    msg[\"url\"] = \"http:\/\/10.99.25.228:8080\/ILCM\/rest\/atlas\/ilcm\/activityManagement\/query\/getActivites\";\n}else{\n    msg[\"url\"] = msg[\"iLCM_URL\"];\n}\n\nreturn msg;","noerr":0,"name":"","x":390,"y":140,"z":"b7a2eb46.2fecd8","id":"5d0e98c6.71b308","type":"function"},{"bccaddr":"","ccaddr":"CCmaillist","attachments":"attach","bodycon":"messageBody","type":"SendEmail","wires":[["6779dd7c.7057f4"]],"toaddr":"Tomaillist","name":"","x":510,"y":420,"z":"b7a2eb46.2fecd8","id":"1665cafc.2b55c5","mailsubject":"mailsubject"},{"outputs":1,"wires":[["4cc5bd4e.d3a1e4"]],"func":"msg[\"attach\"]= msg[\"result\"][\"data\"];\nvar mailStr =\n\"<html>\"+\n\"<head><\/head>\"+\n\"<body style='font-family: arial;font-size: 14px;line-height: normal'>\"+\n\"<p>Hi All,<\/p>\"+\n\"<p>Please view the Nippon Atlas Report<p>\"+\n\"<p>Regards,<br\/>ATLAS Team<\/p><\/body><\/html>\";\n\nmsg.messageBody = mailStr;\n\nvar mailsub= \"Nippon Report for Project \"+msg[\"Product\"]+\" \"+msg[\"month\"];\nmsg.mailsubject = mailsub;\nmsg.fileCreationStatus = msg.result.status;\nreturn msg;\n","noerr":0,"name":"","x":210,"y":380,"z":"b7a2eb46.2fecd8","id":"7ad5d064.027a","type":"function"},{"wires":[],"console":false,"tostatus":false,"name":"","x":670,"active":true,"y":560,"z":"b7a2eb46.2fecd8","id":"c4959b50.86d978","type":"debug","complete":"true","tosidebar":true},{"wires":[],"console":false,"tostatus":false,"name":"","x":450,"active":true,"y":540,"z":"b7a2eb46.2fecd8","id":"4908d67a.a3cf58","type":"debug","complete":"true","tosidebar":true},{"outputs":2,"repair":false,"checkall":"true","rules":[{"t":"eq","v":"Success","vt":"str"},{"t":"eq","v":"Failed","vt":"str"}],"type":"switch","wires":[["1665cafc.2b55c5"],["efea1bdc.716d58"]],"propertyType":"msg","name":"","property":"fileCreationStatus","x":130,"y":460,"z":"b7a2eb46.2fecd8","id":"4cc5bd4e.d3a1e4"},{"outputs":1,"wires":[["1665cafc.2b55c5"]],"func":"msg[\"attach\"]= msg[\"result\"][\"data\"];\nvar mailStr =\n\"<html>\"+\n\"<head><\/head>\"+\n\"<body style='font-family: arial;font-size: 14px;line-height: normal'>\"+\n\"<p>Hi All,<\/p>\"+\n\"<p>No data found for the sprint (\"+msg[\"Product\"]+\" \"+msg[\"month\"]+\") to create report<p>\"+\n\"<p>Regards,<br\/>ATLAS Team<\/p><\/body><\/html>\";\n\nmsg.messageBody = mailStr;\n\nvar mailsub= \"Nippon Report for Project \"+msg[\"Product\"]+\" \"+msg[\"month\"];\nmsg.mailsubject = mailsub;\nmsg.fileCreationStatus = msg.result.status;\nreturn msg;\n","noerr":0,"name":"","x":310,"y":500,"z":"b7a2eb46.2fecd8","id":"efea1bdc.716d58","type":"function"},{"wires":[],"console":false,"tostatus":false,"name":"","x":389.0104064941406,"active":true,"y":381.0104064941406,"z":"b7a2eb46.2fecd8","id":"7ae9221c.f8972c","type":"debug","complete":"true","tosidebar":true}],"keywords":"Bugzilla, Connector","createdBy":"admin","project":"DemoProject","id":"b7a2eb46.2fecd8","label":"Proj Nippon PSS Report","processGroup":"General","assignedTo":["admin","admin","admin"],"subflows":[{"configs":[],"nodes":[{"wires":[["f8e63a3b.99fc88"]],"name":"Form request URL for Bugzilla","x":390,"y":120,"z":"68e0ffad.d8f61","id":"8dcfc643.e81968","type":"Concat","properties":[{"p":"Url","pt":"msg"},{"p":"buglistApi","pt":"msg"},{"p":"&chfieldto=","pt":"str"},{"p":"sprint-end","pt":"msg"},{"p":"&chfieldfrom=","pt":"str"},{"p":"sprint-start","pt":"msg"},{"p":"&product=","pt":"str"},{"p":"Product","pt":"msg"}]},{"rules":[{"p":"url","t":"set","pt":"msg","tot":"msg","to":"payload"}],"type":"change","wires":[["f12e9fad.a85f7"]],"reg":false,"name":"Set URL Property to context","property":"","x":360,"action":"","y":200,"z":"68e0ffad.d8f61","from":"","id":"f8e63a3b.99fc88","to":""},{"ret":"txt","wires":[["2006bbbe.e81704"]],"method":"GET","name":"Get Bug List","x":130,"y":280,"z":"68e0ffad.d8f61","tls":"","id":"7e4f0e6.92876f","type":"http request","url":""},{"wires":[[]],"xmlString":"payload","name":"xmlStringtoJson","x":360,"y":300,"z":"68e0ffad.d8f61","id":"2006bbbe.e81704","type":"xmlStringtoJson"},{"wires":[["7e4f0e6.92876f"]],"method":"POST COOKIE","httpurl":"http:\/\/10.98.100.119\/pss\/bugzilla\/","postinput":"{\"Bugzilla_login\": \"sreebanraj.r\", \"Bugzilla_password\": \"apr@2019\",\"GoAheadAndLogIn\": \"Log+in\" }","name":"","x":630,"y":160,"z":"68e0ffad.d8f61","id":"f12e9fad.a85f7","type":"httpcookierequest"},{"wires":[[]],"method":"GET","httpurl":"","postinput":"{}","name":"","x":530,"y":240,"z":"68e0ffad.d8f61","id":"fe40785e.d22948","type":"httpcookierequest"}],"in":[{"wires":[{"id":"8dcfc643.e81968"}],"x":100,"y":40}],"name":"Bugzilla-GetBugsList(3)(1)(1)","id":"68e0ffad.d8f61","type":"subflow","info":"","out":[{"wires":[{"port":0,"id":"2006bbbe.e81704"}],"x":360,"y":360}]},{"configs":[],"nodes":[{"outputs":1,"wires":[["6bd9d2af.3b9c5c"]],"func":"msg.lastbug = msg.payload.feed.entry.length\nvar arr =[]\nflow.set(\"arr\",arr)\nreturn msg;","noerr":0,"name":"Get Bug Count","x":260,"y":80,"z":"376a8270.d1598e","id":"be0f586.88f56a8","type":"function"},{"wires":[["d677f4b9.679b98"]],"name":"Loop over Bug list","property":"payload.feed.entry","x":490,"y":80,"z":"376a8270.d1598e","id":"6bd9d2af.3b9c5c","type":"splitter"},{"wires":[["39f90e60.dde342"]],"name":"Form request URL for Bug","x":360,"y":140,"z":"376a8270.d1598e","id":"622b3604.c21718","type":"Concat","properties":[{"p":"Url","pt":"msg"},{"p":"concat_id","pt":"msg"},{"p":"&ctype=xml","pt":"str"}]},{"rules":[{"p":"url","t":"set","pt":"msg","tot":"msg","to":"payload"}],"type":"change","wires":[["6c58e67c.c04fa8"]],"reg":false,"name":"Set Bug URL Property to context","property":"","x":350,"action":"","y":200,"z":"376a8270.d1598e","from":"","id":"39f90e60.dde342","to":""},{"outputs":1,"wires":[["4791f3d8.ac4e7c"]],"func":"if(msg.payload.hasOwnProperty(\"long_desc\"))\n{\n    var text=\"\";\n    var data = msg.payload[\"long_desc\"];\n    if(data != null && data != undefined && data != \"\" )\n    {\n        if(Array.isArray(data)){\n            for(var i=0; i<data.length; i++)\n            {\n                text = text + data[i].thetext;\n                \n            }\n        }else if(data.hasOwnProperty(\"thetext\")){\n            text = text + data[\"thetext\"];\n        }\n        \n        \/\/text = text+\" \\n Modified Files:defectsearch.java\"\n        msg.payload[\"fulldesc\"] =text;\n    }\n}\n\nreturn msg;","noerr":0,"name":"combine comments","x":450,"y":320,"z":"376a8270.d1598e","id":"95915b9c.f10ad8","type":"function"},{"outputs":1,"wires":[[]],"func":"if(flow.get(\"arr\") != null && flow.get(\"arr\") !=undefined && msg.lastbug == flow.get(\"arr\").length+1)\n{   \/\/console.log(\"in if\")\nvar arr = flow.get(\"arr\");\n   \n    arr.push(msg.payload);\n     flow.set(\"arr\",arr);\n    msg.payload = flow.get(\"arr\");\n return msg;\n}\nelse\n{\n \n    var arr = flow.get(\"arr\");\n   if(arr === undefined || arr === null || arr.length == 0 )\n   {\n       \/\/console.log(\"=================\"+arr);     \n       arr = [];\n       arr.push(msg.payload);\n     flow.set(\"arr\",arr);\n     \/\/console.log(\"================ifff=\"+flow.get(\"arr\").length);     \n   }\n   else\n   {\n              \/\/console.log(\"================else=\"+arr);     \n    arr.push(msg.payload);\n     flow.set(\"arr\",arr);\n       \/\/console.log(\"================else=\"+flow.get(\"arr\").length);     \n   }\n}\n   ","noerr":0,"name":"Prepare Bug batch","x":310,"y":380,"z":"376a8270.d1598e","id":"4791f3d8.ac4e7c","type":"function"},{"wires":[["84396f9b.6ea53"]],"xmlString":"payload","name":"xmlStringtoJson","x":500,"y":260,"z":"376a8270.d1598e","id":"ed1d7ba.935be88","type":"xmlStringtoJson"},{"rules":[{"p":"payload","t":"set","pt":"msg","tot":"msg","to":"payload.bugzilla.bug"}],"type":"change","wires":[["95915b9c.f10ad8"]],"reg":false,"name":"Get Bug","property":"","x":240,"action":"","y":320,"z":"376a8270.d1598e","from":"","id":"84396f9b.6ea53","to":""},{"outputs":1,"wires":[["622b3604.c21718"]],"func":"msg[\"concat_id\"] = msg[\"payload\"][\"id\"];\nreturn msg;","noerr":0,"name":"Get Bug Count","x":720,"y":80,"z":"376a8270.d1598e","id":"d677f4b9.679b98","type":"function"},{"wires":[["ed1d7ba.935be88"]],"method":"GET","httpurl":"url","postinput":"{}","name":"","x":610,"y":200,"z":"376a8270.d1598e","id":"6c58e67c.c04fa8","type":"httpcookierequest"}],"in":[{"wires":[{"id":"be0f586.88f56a8"}],"x":100,"y":80}],"name":"Bugzilla GetBugDetails(2)(1)(1)","id":"376a8270.d1598e","type":"subflow","info":"","out":[{"wires":[{"port":0,"id":"4791f3d8.ac4e7c"}],"x":520,"y":380}]}]}